1 ; Alaborn Musketeer ; Creature - Human Soldier 2/1 ; 1W ; Common ; Heather Hudson ;  MTGO Masters Edition IV
2 ; Alaborn Trooper ; Creature - Human Soldier 2/3 ; 2W ; Common ; Lubov ;  MTGO Masters Edition IV
3 ; Angelic Voices ; Enchantment ; 2WW ; Uncommon ; Julie Baroh ;  MTGO Masters Edition IV
4 ; Argivian Blacksmith ; Creature - Human Artificer 2/2 ; 1WW ; Uncommon ; Kersten Kaman ;  MTGO Masters Edition IV
5 ; Armageddon ; Sorcery ; 3W ; Rare ; John Avon ;  MTGO Masters Edition IV
6 ; Balance ; Sorcery ; 1W ; Rare ; Mark Poole ;  MTGO Masters Edition IV
7 ; Blaze of Glory ; Instant ; W ; Uncommon ; Richard Thomas ;  MTGO Masters Edition IV
8 ; Champion Lancer ; Creature - Human Knight 3/3 ; 4WW ; Rare ; Chippy ;  MTGO Masters Edition IV
9 ; Conversion ; Enchantment ; 2WW ; Rare ; Jesper Myrfors ;  MTGO Masters Edition IV
10 ; Divine Offering ; Instant ; 1W ; Common ; Jeff A. Menges ;  MTGO Masters Edition IV
11 ; Dust to Dust ; Sorcery ; 1WW ; Uncommon ; Drew Tucker ;  MTGO Masters Edition IV
12 ; Eye for an Eye ; Instant ; WW ; Rare ; Mark Poole ;  MTGO Masters Edition IV
13 ; Harsh Justice ; Instant ; 2W ; Rare ; John Coulthart ;  MTGO Masters Edition IV
14 ; Healing Salve ; Instant ; W ; Common ; Dan Frazier ;  MTGO Masters Edition IV
15 ; Island Sanctuary ; Enchantment ; 1W ; Rare ; Mark Poole ;  MTGO Masters Edition IV
16 ; Just Fate ; Instant ; 2W ; Common ; Bradley Williams ;  MTGO Masters Edition IV
17 ; Kismet ; Enchantment ; 3W ; Rare ; Kaja Foglio ;  MTGO Masters Edition IV
18 ; Leeches ; Sorcery ; 1WW ; Rare ; Alan Rabinowitz ;  MTGO Masters Edition IV
19 ; Martyr's Cry ; Sorcery ; WW ; Rare ; Jeff A. Menges ;  MTGO Masters Edition IV
20 ; Martyrs of Korlis ; Creature - Human 1/6 ; 3WW ; Uncommon ; Margaret Organ-Kean ;  MTGO Masters Edition IV
21 ; Osai Vultures ; Creature - Bird 1/1 ; 1W ; Common ; Dan Frazier ;  MTGO Masters Edition IV
22 ; Personal Incarnation ; Creature - Avatar Incarnation 6/6 ; 3WWW ; Rare ; Kev Brockschmidt ;  MTGO Masters Edition IV
23 ; Righteous Charge ; Sorcery ; 1WW ; Common ; Jeffrey R. Busch ;  MTGO Masters Edition IV
24 ; Savannah Lions ; Creature - Cat 2/1 ; W ; Uncommon ; Daniel Gelon ;  MTGO Masters Edition IV
25 ; Serra Angel ; Creature - Angel 4/4 ; 3WW ; Uncommon ; Douglas Shuler ;  MTGO Masters Edition IV
26 ; Serra Aviary ; World Enchantment ; 3W ; Uncommon ; Nicola Leonard ;  MTGO Masters Edition IV
27 ; Serra Bestiary ; Enchantment - Aura ; WW ; Common ; Steve Luke ;  MTGO Masters Edition IV
28 ; Spotted Griffin ; Creature - Griffin 2/3 ; 3W ; Common ; William Simpson ;  MTGO Masters Edition IV
29 ; Steam Catapult ; Creature - Human Soldier 2/3 ; 3WW ; Rare ; Mark Tedin ;  MTGO Masters Edition IV
30 ; Swords to Plowshares ; Instant ; W ; Uncommon ; Jeff A. Menges ;  MTGO Masters Edition IV
31 ; Temple Acolyte ; Creature - Human Cleric 1/3 ; 1W ; Common ; Lubov ;  MTGO Masters Edition IV
32 ; Veteran Bodyguard ; Creature - Human 2/5 ; 3WW ; Rare ; Douglas Shuler ;  MTGO Masters Edition IV
33 ; White Knight ; Creature - Human Knight 2/2 ; WW ; Uncommon ; Daniel Gelon ;  MTGO Masters Edition IV
34 ; Wild Aesthir ; Creature - Bird 1/1 ; 2W ; Common ; Greg Simanson ;  MTGO Masters Edition IV
35 ; Wild Griffin ; Creature - Griffin 2/2 ; 2W ; Common ; Jeff Miracola ;  MTGO Masters Edition IV
36 ; Acid Rain ; Sorcery ; 3U ; Rare ; NÈNÈ Thomas ;  MTGO Masters Edition IV
37 ; Air Elemental ; Creature - Elemental 4/4 ; 3UU ; Uncommon ; Brian Snoddy ;  MTGO Masters Edition IV
38 ; Animate Artifact ; Enchantment - Aura ; 3U ; Uncommon ; Douglas Shuler ;  MTGO Masters Edition IV
39 ; Blue Elemental Blast ; Instant ; U ; Uncommon ; Richard Thomas ;  MTGO Masters Edition IV
40 ; Braingeyser ; Sorcery ; XUU ; Rare ; Mark Tedin ;  MTGO Masters Edition IV
41 ; Cloud Dragon ; Creature - Illusion Dragon 5/4 ; 5U ; Rare ; John Avon ;  MTGO Masters Edition IV
42 ; Cloud Spirit ; Creature - Spirit 3/1 ; 2U ; Common ; DiTerlizzi ;  MTGO Masters Edition IV
43 ; Control Magic ; Enchantment - Aura ; 2UU ; Rare ; Dameon Willich ;  MTGO Masters Edition IV
44 ; Copy Artifact ; Enchantment ; 1U ; Rare ; Amy Weber ;  MTGO Masters Edition IV
45 ; Counterspell ; Instant ; UU ; Common ; Mark Poole ;  MTGO Masters Edition IV
46 ; Drain Power ; Sorcery ; UU ; Rare ; Douglas Shuler ;  MTGO Masters Edition IV
47 ; Drowned ; Creature - Zombie 1/1 ; 1U ; Common ; Quinton Hoover ;  MTGO Masters Edition IV
48 ; Energy Flux ; Enchantment ; 2U ; Uncommon ; Kaja Foglio ;  MTGO Masters Edition IV
49 ; False Summoning ; Instant ; 1U ; Common ; DiTerlizzi ;  MTGO Masters Edition IV
50 ; Giant Tortoise ; Creature - Turtle 1/1 ; 1U ; Common ; Kaja Foglio ;  MTGO Masters Edition IV
51 ; In the Eye of Chaos ; World Enchantment ; 2U ; Rare ; Brian Snoddy ;  MTGO Masters Edition IV
52 ; Mahamoti Djinn ; Creature - Djinn 5/6 ; 4UU ; Rare ; Dan Frazier ;  MTGO Masters Edition IV
53 ; Mystic Decree ; World Enchantment ; 2UU ; Uncommon ; Liz Danforth ;  MTGO Masters Edition IV
54 ; Owl Familiar ; Creature - Bird 1/1 ; 1U ; Common ; Janine Johnston ;  MTGO Masters Edition IV
55 ; Phantasmal Forces ; Creature - Illusion 4/1 ; 3U ; Common ; Mark Poole ;  MTGO Masters Edition IV
56 ; Phantasmal Terrain ; Enchantment - Aura ; UU ; Common ; Dameon Willich ;  MTGO Masters Edition IV
57 ; Power Artifact ; Enchantment - Aura ; UU ; Rare ; Douglas Shuler ;  MTGO Masters Edition IV
58 ; Prodigal Sorcerer ; Creature - Human Wizard 1/1 ; 2U ; Uncommon ; Douglas Shuler ;  MTGO Masters Edition IV
59 ; Reconstruction ; Sorcery ; U ; Common ; Anson Maddocks ;  MTGO Masters Edition IV
60 ; Sea Serpent ; Creature - Serpent 5/5 ; 5U ; Common ; Jeff A. Menges ;  MTGO Masters Edition IV
61 ; Serendib Djinn ; Creature - Djinn 5/6 ; 2UU ; Rare ; Anson Maddocks ;  MTGO Masters Edition IV
62 ; Sleight of Hand ; Sorcery ; U ; Common ; Phil Foglio ;  MTGO Masters Edition IV
63 ; Soldevi Machinist ; Creature - Human Wizard Artificer 1/1 ; 1U ; Uncommon ; Jeff A. Menges ;  MTGO Masters Edition IV
64 ; Stasis ; Enchantment ; 1U ; Rare ; Fay Jones ;  MTGO Masters Edition IV
65 ; Symbol of Unsummoning ; Sorcery ; 2U ; Common ; Adam Rex ;  MTGO Masters Edition IV
66 ; Talas Researcher ; Creature - Human Pirate Wizard 1/1 ; 4U ; Uncommon ; Kaja Foglio ;  MTGO Masters Edition IV
67 ; Theft of Dreams ; Sorcery ; 2U ; Uncommon ; Adam Rex ;  MTGO Masters Edition IV
68 ; Thing from the Deep ; Creature - Leviathan 9/9 ; 6UUU ; Rare ; Parente ;  MTGO Masters Edition IV
69 ; Transmute Artifact ; Sorcery ; UU ; Rare ; Anson Maddocks ;  MTGO Masters Edition IV
70 ; Water Elemental ; Creature - Elemental 5/4 ; 3UU ; Uncommon ; Jeff A. Menges ;  MTGO Masters Edition IV
71 ; Black Knight ; Creature - Human Knight 2/2 ; BB ; Uncommon ; Jeff A. Menges ;  MTGO Masters Edition IV
72 ; Cyclopean Mummy ; Creature - Zombie 2/1 ; 1B ; Common ; Edward P. Beard, Jr. ;  MTGO Masters Edition IV
73 ; Dakmor Plague ; Sorcery ; 3BB ; Uncommon ; Jeff Miracola ;  MTGO Masters Edition IV
74 ; Dark Ritual ; Instant ; B ; Common ; Sandra Everingham ;  MTGO Masters Edition IV
75 ; Deathgrip ; Enchantment ; BB ; Rare ; Anson Maddocks ;  MTGO Masters Edition IV
76 ; Demonic Hordes ; Creature - Demon 5/5 ; 3BBB ; Rare ; Jesper Myrfors ;  MTGO Masters Edition IV
77 ; Demonic Tutor ; Sorcery ; 1B ; Rare ; Douglas Shuler ;  MTGO Masters Edition IV
78 ; Dread Reaper ; Creature - Horror 6/5 ; 3BBB ; Rare ; Christopher Rush ;  MTGO Masters Edition IV
79 ; Dread Wight ; Creature - Zombie 3/4 ; 3BB ; Uncommon ; Daniel Gelon ;  MTGO Masters Edition IV
80 ; Ebon Dragon ; Creature - Dragon 5/4 ; 5BB ; Rare ; Donato Giancola ;  MTGO Masters Edition IV
81 ; Foul Spirit ; Creature - Spirit 3/2 ; 2B ; Common ; rk post ;  MTGO Masters Edition IV
82 ; Gate to Phyrexia ; Enchantment ; BB ; Uncommon ; Sandra Everingham ;  MTGO Masters Edition IV
83 ; Gloom ; Enchantment ; 2B ; Rare ; Dan Frazier ;  MTGO Masters Edition IV
84 ; Gravebind ; Instant ; B ; Common ; Drew Tucker ;  MTGO Masters Edition IV
85 ; Guardian Beast ; Creature - Beast 2/4 ; 3B ; Rare ; Ken Meyer, Jr. ;  MTGO Masters Edition IV
86 ; Hasran Ogress ; Creature - Ogre 3/2 ; BB ; Common ; Dan Frazier ;  MTGO Masters Edition IV
87 ; Howl from Beyond ; Instant ; XB ; Common ; Mark Poole ;  MTGO Masters Edition IV
88 ; Jun˙n Efreet ; Creature - Efreet 3/3 ; 1BB ; Uncommon ; Christopher Rush ;  MTGO Masters Edition IV
89 ; Lich ; Enchantment ; BBBB ; Rare ; Daniel Gelon ;  MTGO Masters Edition IV
90 ; Lim-Dul's Cohort ; Creature - Zombie 2/3 ; 1BB ; Common ; Douglas Shuler ;  MTGO Masters Edition IV
91 ; Minion of Tevesh Szat ; Creature - Demon Minion 4/4 ; 4BBB ; Rare ; Julie Baroh ;  MTGO Masters Edition IV
92 ; Overwhelming Forces ; Sorcery ; 6BB ; Rare ; Gao Yan ;  MTGO Masters Edition IV
93 ; Prowling Nightstalker ; Creature - Nightstalker 2/2 ; 3B ; Common ; Keith Parkinson ;  MTGO Masters Edition IV
94 ; Rain of Daggers ; Sorcery ; 4BB ; Rare ; Melissa A. Benson ;  MTGO Masters Edition IV
95 ; Scavenging Ghoul ; Creature - Zombie 2/2 ; 3B ; Uncommon ; Jeff A. Menges ;  MTGO Masters Edition IV
96 ; Sengir Vampire ; Creature - Vampire 4/4 ; 3BB ; Uncommon ; Anson Maddocks ;  MTGO Masters Edition IV
97 ; Sinkhole ; Sorcery ; BB ; Rare ; Sandra Everingham ;  MTGO Masters Edition IV
98 ; Soul Shred ; Sorcery ; 3BB ; Common ; Alan Rabinowitz ;  MTGO Masters Edition IV
99 ; Terror ; Instant ; 1B ; Common ; Ron Spencer ;  MTGO Masters Edition IV
100 ; Warp Artifact ; Enchantment - Aura ; BB ; Common ; Amy Weber ;  MTGO Masters Edition IV
101 ; Weakness ; Enchantment - Aura ; B ; Common ; Douglas Shuler ;  MTGO Masters Edition IV
102 ; Wicked Pact ; Sorcery ; 1BB ; Uncommon ; Adam Rex ;  MTGO Masters Edition IV
103 ; Word of Command ; Instant ; BB ; Rare ; Jesper Myrfors ;  MTGO Masters Edition IV
104 ; Xenic Poltergeist ; Creature - Spirit 1/1 ; 1BB ; Uncommon ; Dan Frazier ;  MTGO Masters Edition IV
105 ; Zombie Master ; Creature - Zombie 2/3 ; 1BB ; Uncommon ; Jeff A. Menges ;  MTGO Masters Edition IV
106 ; Aladdin ; Creature - Human Rogue 1/1 ; 2RR ; Rare ; Julie Baroh ;  MTGO Masters Edition IV
107 ; Ali from Cairo ; Creature - Human 0/1 ; 2RR ; Rare ; Mark Poole ;  MTGO Masters Edition IV
108 ; Artifact Blast ; Instant ; R ; Common ; Mark Poole ;  MTGO Masters Edition IV
109 ; Atog ; Creature - Atog 1/2 ; 1R ; Common ; Jesper Myrfors ;  MTGO Masters Edition IV
110 ; Bird Maiden ; Creature - Human Bird 1/2 ; 2R ; Common ; Kaja Foglio ;  MTGO Masters Edition IV
111 ; Detonate ; Sorcery ; XR ; Uncommon ; Randy Asplund ;  MTGO Masters Edition IV
112 ; Devastation ; Sorcery ; 5RR ; Rare ; Steve Luke ;  MTGO Masters Edition IV
113 ; Fire Imp ; Creature - Imp 2/1 ; 2R ; Uncommon ; DiTerlizzi ;  MTGO Masters Edition IV
114 ; Fire Tempest ; Sorcery ; 5RR ; Rare ; Mike Dringenberg ;  MTGO Masters Edition IV
115 ; Fireball ; Sorcery ; XR ; Uncommon ; Mark Tedin ;  MTGO Masters Edition IV
116 ; Fork ; Instant ; RR ; Rare ; Amy Weber ;  MTGO Masters Edition IV
117 ; Goblin Bully ; Creature - Goblin 2/1 ; 1R ; Common ; Pete Venters ;  MTGO Masters Edition IV
118 ; Goblin Cavaliers ; Creature - Goblin 3/2 ; 2R ; Common ; DiTerlizzi ;  MTGO Masters Edition IV
119 ; Goblin Caves ; Enchantment - Aura ; 1RR ; Common ; Drew Tucker ;  MTGO Masters Edition IV
120 ; Goblin Firestarter ; Creature - Goblin 1/1 ; R ; Common ; Keith Parkinson ;  MTGO Masters Edition IV
121 ; Goblin General ; Creature - Goblin Warrior 1/1 ; 1RR ; Uncommon ; Keith Parkinson ;  MTGO Masters Edition IV
122 ; Goblin Shrine ; Enchantment - Aura ; 1RR ; Common ; Ron Spencer ;  MTGO Masters Edition IV
123 ; Goblin Warrens ; Enchantment ; 2R ; Uncommon ; Dan Frazier ;  MTGO Masters Edition IV
124 ; Gorilla War Cry ; Instant ; 1R ; Common ; Bryon Wackwitz ;  MTGO Masters Edition IV
125 ; Last Chance ; Sorcery ; RR ; Rare ; Hannibal King ;  MTGO Masters Edition IV
126 ; Lava Flow ; Sorcery ; 3RR ; Common ; Mike Dringenberg ;  MTGO Masters Edition IV
127 ; Mijae Djinn ; Creature - Djinn 6/3 ; RRR ; Rare ; Susan Van Camp ;  MTGO Masters Edition IV
128 ; Ogre Taskmaster ; Creature - Ogre 4/3 ; 3R ; Common ; Dan Frazier ;  MTGO Masters Edition IV
129 ; Orcish Mechanics ; Creature - Orc 1/1 ; 2R ; Uncommon ; Pete Venters ;  MTGO Masters Edition IV
130 ; Primitive Justice ; Sorcery ; 1R ; Uncommon ; Anthony S. Waters ;  MTGO Masters Edition IV
131 ; Red Elemental Blast ; Instant ; R ; Uncommon ; Richard Thomas ;  MTGO Masters Edition IV
132 ; Roc of Kher Ridges ; Creature - Bird 3/3 ; 3R ; Uncommon ; Andi Rusu ;  MTGO Masters Edition IV
133 ; Rock Hydra ; Creature - Hydra 0/0 ; XRR ; Rare ; Jeff A. Menges ;  MTGO Masters Edition IV
134 ; Rockslide Ambush ; Sorcery ; 1R ; Common ; Inoue Junichi ;  MTGO Masters Edition IV
135 ; Sedge Troll ; Creature - Troll 2/2 ; 2R ; Rare ; Dan Frazier ;  MTGO Masters Edition IV
136 ; Shivan Dragon ; Creature - Dragon 5/5 ; 4RR ; Rare ; Melissa A. Benson ;  MTGO Masters Edition IV
137 ; Smoke ; Enchantment ; RR ; Rare ; Jesper Myrfors ;  MTGO Masters Edition IV
138 ; Thunder Dragon ; Creature - Dragon 5/5 ; 5RR ; Rare ; Dana Knutson ;  MTGO Masters Edition IV
139 ; Two-Headed Giant of Foriys ; Creature - Giant 4/4 ; 4R ; Uncommon ; Anson Maddocks ;  MTGO Masters Edition IV
140 ; Wheel of Fortune ; Sorcery ; 2R ; Rare ; Daniel Gelon ;  MTGO Masters Edition IV
141 ; Alluring Scent ; Sorcery ; 1GG ; Common ; Melissa A. Benson ;  MTGO Masters Edition IV
142 ; Argothian Pixies ; Creature - Faerie 2/1 ; 1G ; Common ; Amy Weber ;  MTGO Masters Edition IV
143 ; Argothian Treefolk ; Creature - Treefolk 3/5 ; 3GG ; Uncommon ; Amy Weber ;  MTGO Masters Edition IV
144 ; Bee Sting ; Sorcery ; 3G ; Uncommon ; Cris Dornaus ;  MTGO Masters Edition IV
145 ; Channel ; Sorcery ; GG ; Rare ; Richard Thomas ;  MTGO Masters Edition IV
146 ; Citanul Druid ; Creature - Human Druid 1/1 ; 1G ; Common ; Jeff A. Menges ;  MTGO Masters Edition IV
147 ; Crumble ; Instant ; G ; Common ; Jesper Myrfors ;  MTGO Masters Edition IV
148 ; Cyclone ; Enchantment ; 2GG ; Rare ; Mark Tedin ;  MTGO Masters Edition IV
149 ; Deathcoil Wurm ; Creature - Wurm 7/6 ; 6GG ; Rare ; Rebecca Guay ;  MTGO Masters Edition IV
150 ; Drop of Honey ; Enchantment ; G ; Rare ; Anson Maddocks ;  MTGO Masters Edition IV
151 ; Elite Cat Warrior ; Creature - Cat Warrior 2/3 ; 2G ; Common ; Eric Peterson ;  MTGO Masters Edition IV
152 ; Fastbond ; Enchantment ; G ; Rare ; Mark Poole ;  MTGO Masters Edition IV
153 ; Fog ; Instant ; G ; Common ; Jesper Myrfors ;  MTGO Masters Edition IV
154 ; Force of Nature ; Creature - Elemental 8/8 ; 2GGGG ; Rare ; Douglas Shuler ;  MTGO Masters Edition IV
155 ; Gaea's Avenger ; Creature - Treefolk 1+*/1+* ; 1GG ; Uncommon ; Pete Venters ;  MTGO Masters Edition IV
156 ; Giant Growth ; Instant ; G ; Common ; Sandra Everingham ;  MTGO Masters Edition IV
157 ; Instill Energy ; Enchantment - Aura ; G ; Uncommon ; Dameon Willich ;  MTGO Masters Edition IV
158 ; Ironhoof Ox ; Creature - Ox 4/4 ; 3GG ; Common ; Una Fricker ;  MTGO Masters Edition IV
159 ; Kudzu ; Enchantment - Aura ; 1GG ; Uncommon ; Mark Poole ;  MTGO Masters Edition IV
160 ; Lifeforce ; Enchantment ; GG ; Rare ; Dameon Willich ;  MTGO Masters Edition IV
161 ; Living Lands ; Enchantment ; 3G ; Rare ; Jesper Myrfors ;  MTGO Masters Edition IV
162 ; Radjan Spirit ; Creature - Spirit 3/2 ; 3G ; Uncommon ; Christopher Rush ;  MTGO Masters Edition IV
163 ; Regrowth ; Sorcery ; 1G ; Rare ; Dameon Willich ;  MTGO Masters Edition IV
164 ; Sandstorm ; Instant ; G ; Common ; Brian Snoddy ;  MTGO Masters Edition IV
165 ; Scarwood Bandits ; Creature - Human Rogue 2/2 ; 2GG ; Rare ; Mark Poole ;  MTGO Masters Edition IV
166 ; Scavenger Folk ; Creature - Human 1/1 ; G ; Common ; Dennis Detwiller ;  MTGO Masters Edition IV
167 ; Southern Elephant ; Creature - Elephant 3/4 ; 3G ; Common ; Wang Yuqun ;  MTGO Masters Edition IV
168 ; Squall ; Sorcery ; 2G ; Uncommon ; Carl Critchlow ;  MTGO Masters Edition IV
169 ; Sylvan Tutor ; Sorcery ; G ; Uncommon ; Kaja Foglio ;  MTGO Masters Edition IV
170 ; Titania's Song ; Enchantment ; 3G ; Rare ; Kersten Kaman ;  MTGO Masters Edition IV
171 ; Tsunami ; Sorcery ; 3G ; Rare ; Richard Thomas ;  MTGO Masters Edition IV
172 ; War Mammoth ; Creature - Elephant 3/3 ; 3G ; Common ; Jeff A. Menges ;  MTGO Masters Edition IV
173 ; Whiptail Wurm ; Creature - Wurm 8/5 ; 6G ; Uncommon ; Una Fricker ;  MTGO Masters Edition IV
174 ; Wild Ox ; Creature - Ox 3/3 ; 3G ; Uncommon ; Jeffrey R. Busch ;  MTGO Masters Edition IV
175 ; Wood Elemental ; Creature - Elemental 0/0 ; 3G ; Rare ; Brian Snoddy ;  MTGO Masters Edition IV
176 ; Aesthir Glider ; Artifact Creature - Bird 2/1 ; 3 ; Common ; Ruth Thompson ;  MTGO Masters Edition IV
177 ; Al-abara's Carpet ; Artifact ; 5 ; Rare ; Kaja Foglio ;  MTGO Masters Edition IV
178 ; Alchor's Tomb ; Artifact ; 4 ; Rare ; Jesper Myrfors ;  MTGO Masters Edition IV
179 ; Amulet of Kroog ; Artifact ; 2 ; Common ; Margaret Organ-Kean ;  MTGO Masters Edition IV
180 ; Armageddon Clock ; Artifact ; 6 ; Rare ; Amy Weber ;  MTGO Masters Edition IV
181 ; Ashnod's Altar ; Artifact ; 3 ; Rare ; Anson Maddocks ;  MTGO Masters Edition IV
182 ; Basalt Monolith ; Artifact ; 3 ; Uncommon ; Jesper Myrfors ;  MTGO Masters Edition IV
183 ; Book of Rass ; Artifact ; 6 ; Uncommon ; Sandra Everingham ;  MTGO Masters Edition IV
184 ; Bottle of Suleiman ; Artifact ; 4 ; Rare ; Jesper Myrfors ;  MTGO Masters Edition IV
185 ; Brass Man ; Artifact Creature - Construct 1/3 ; 1 ; Common ; Christopher Rush ;  MTGO Masters Edition IV
186 ; Bronze Horse ; Artifact Creature - Horse 4/4 ; 7 ; Uncommon ; Mark Poole ;  MTGO Masters Edition IV
187 ; Candelabra of Tawnos ; Artifact ; 1 ; Rare ; Douglas Shuler ;  MTGO Masters Edition IV
188 ; Celestial Sword ; Artifact ; 6 ; Uncommon ; Amy Weber ;  MTGO Masters Edition IV
189 ; Clay Statue ; Artifact Creature - Golem 3/1 ; 4 ; Uncommon ; Jesper Myrfors ;  MTGO Masters Edition IV
190 ; Clockwork Avian ; Artifact Creature - Bird 0/4 ; 5 ; Uncommon ; Randy Asplund ;  MTGO Masters Edition IV
191 ; Clockwork Gnomes ; Artifact Creature - Gnome 2/2 ; 4 ; Uncommon ; Douglas Shuler ;  MTGO Masters Edition IV
192 ; Clockwork Swarm ; Artifact Creature - Insect 0/3 ; 4 ; Common ; Amy Weber ;  MTGO Masters Edition IV
193 ; Colossus of Sardia ; Artifact Creature - Golem 9/9 ; 9 ; Rare ; Jesper Myrfors ;  MTGO Masters Edition IV
194 ; Coral Helm ; Artifact ; 3 ; Uncommon ; Amy Weber ;  MTGO Masters Edition IV
195 ; Cyclopean Tomb ; Artifact ; 4 ; Rare ; Anson Maddocks ;  MTGO Masters Edition IV
196 ; Diabolic Machine ; Artifact Creature - Construct 4/4 ; 7 ; Uncommon ; Anson Maddocks ;  MTGO Masters Edition IV
197 ; Dragon Engine ; Artifact Creature - Construct 1/3 ; 3 ; Common ; Anson Maddocks ;  MTGO Masters Edition IV
198 ; Ebony Horse ; Artifact ; 3 ; Common ; Dameon Willich ;  MTGO Masters Edition IV
199 ; Ebony Rhino ; Artifact Creature - Rhino 4/5 ; 7 ; Common ; Amy Weber ;  MTGO Masters Edition IV
200 ; Floodwater Dam ; Artifact ; 3 ; Rare ; Randy Gallegos ;  MTGO Masters Edition IV
201 ; Flying Carpet ; Artifact ; 4 ; Common ; Mark Tedin ;  MTGO Masters Edition IV
202 ; Gauntlet of Might ; Artifact ; 4 ; Rare ; Christopher Rush ;  MTGO Masters Edition IV
203 ; Glasses of Urza ; Artifact ; 1 ; Common ; Douglas Shuler ;  MTGO Masters Edition IV
204 ; Grapeshot Catapult ; Artifact Creature - Construct 2/3 ; 4 ; Uncommon ; Dan Frazier ;  MTGO Masters Edition IV
205 ; Horn of Deafening ; Artifact ; 4 ; Uncommon ; Dan Frazier ;  MTGO Masters Edition IV
206 ; Ice Cauldron ; Artifact ; 4 ; Rare ; Dan Frazier ;  MTGO Masters Edition IV
207 ; Icy Manipulator ; Artifact ; 4 ; Uncommon ; Douglas Shuler ;  MTGO Masters Edition IV
208 ; Jade Monolith ; Artifact ; 4 ; Rare ; Anson Maddocks ;  MTGO Masters Edition IV
209 ; Juggernaut ; Artifact Creature - Juggernaut 5/3 ; 4 ; Uncommon ; Dan Frazier ;  MTGO Masters Edition IV
210 ; Kormus Bell ; Artifact ; 4 ; Rare ; Christopher Rush ;  MTGO Masters Edition IV
211 ; Library of Leng ; Artifact ; 1 ; Common ; Daniel Gelon ;  MTGO Masters Edition IV
212 ; Living Wall ; Artifact Creature - Wall 0/6 ; 4 ; Uncommon ; Anson Maddocks ;  MTGO Masters Edition IV
213 ; Mana Matrix ; Artifact ; 6 ; Rare ; Mark Tedin ;  MTGO Masters Edition IV
214 ; Mana Vault ; Artifact ; 1 ; Rare ; Mark Tedin ;  MTGO Masters Edition IV
215 ; Mightstone ; Artifact ; 4 ; Common ; Pete Venters ;  MTGO Masters Edition IV
216 ; Naked Singularity ; Artifact ; 5 ; Rare ; Mark Tedin ;  MTGO Masters Edition IV
217 ; Obelisk of Undoing ; Artifact ; 1 ; Rare ; Tom W‰nerstrand ;  MTGO Masters Edition IV
218 ; Obsianus Golem ; Artifact Creature - Golem 4/6 ; 6 ; Common ; Jesper Myrfors ;  MTGO Masters Edition IV
219 ; Onulet ; Artifact Creature - Construct 2/2 ; 3 ; Common ; Anson Maddocks ;  MTGO Masters Edition IV
220 ; Pentagram of the Ages ; Artifact ; 4 ; Uncommon ; Douglas Shuler ;  MTGO Masters Edition IV
221 ; Planar Gate ; Artifact ; 6 ; Uncommon ; Melissa A. Benson ;  MTGO Masters Edition IV
222 ; Primal Clay ; Artifact Creature - Shapeshifter */* ; 4 ; Common ; Kaja Foglio ;  MTGO Masters Edition IV
223 ; Rakalite ; Artifact ; 6 ; Rare ; Christopher Rush ;  MTGO Masters Edition IV
224 ; Ring of Renewal ; Artifact ; 5 ; Rare ; Douglas Shuler ;  MTGO Masters Edition IV
225 ; Scarecrow ; Artifact Creature - Scarecrow 2/2 ; 5 ; Uncommon ; Anson Maddocks ;  MTGO Masters Edition IV
226 ; Shapeshifter ; Artifact Creature - Shapeshifter */7-* ; 6 ; Uncommon ; Dan Frazier ;  MTGO Masters Edition IV
227 ; Sol Ring ; Artifact ; 1 ; Rare ; Mark Tedin ;  MTGO Masters Edition IV
228 ; Soldevi Golem ; Artifact Creature - Golem 5/3 ; 4 ; Uncommon ; Anson Maddocks ;  MTGO Masters Edition IV
229 ; Staff of Zegon ; Artifact ; 4 ; Common ; Mark Poole ;  MTGO Masters Edition IV
230 ; Tablet of Epityr ; Artifact ; 1 ; Common ; Christopher Rush ;  MTGO Masters Edition IV
231 ; Tawnos's Wand ; Artifact ; 4 ; Common ; Douglas Shuler ;  MTGO Masters Edition IV
232 ; Tawnos's Weaponry ; Artifact ; 2 ; Uncommon ; Dan Frazier ;  MTGO Masters Edition IV
233 ; Tetravus ; Artifact Creature - Construct 1/1 ; 6 ; Rare ; Mark Tedin ;  MTGO Masters Edition IV
234 ; Time Vault ; Artifact ; 2 ; Rare ; Mark Tedin ;  MTGO Masters Edition IV
235 ; Triassic Egg ; Artifact ; 4 ; Rare ; Dan Frazier ;  MTGO Masters Edition IV
236 ; Urza's Chalice ; Artifact ; 1 ; Common ; Jeff A. Menges ;  MTGO Masters Edition IV
237 ; Urza's Miter ; Artifact ; 3 ; Rare ; Randy Asplund ;  MTGO Masters Edition IV
238 ; Vibrating Sphere ; Artifact ; 4 ; Rare ; Richard Thomas ;  MTGO Masters Edition IV
239 ; Weakstone ; Artifact ; 4 ; Uncommon ; Justin Hampton ;  MTGO Masters Edition IV
240 ; Yotian Soldier ; Artifact Creature - Soldier 1/4 ; 3 ; Common ; Christopher Rush ;  MTGO Masters Edition IV
241 ; Badlands ; Land - Swamp Mountain ; ; Rare ; Rob Alexander ;  MTGO Masters Edition IV
242 ; Bayou ; Land - Swamp Forest ; ; Rare ; Jesper Myrfors ;  MTGO Masters Edition IV
243 ; City of Brass ; Land ; ; Rare ; Mark Tedin ;  MTGO Masters Edition IV
244 ; Elephant Graveyard ; Land ; ; Uncommon ; Rob Alexander ;  MTGO Masters Edition IV
245 ; Library of Alexandria ; Land ; ; Rare ; Mark Poole ;  MTGO Masters Edition IV
246 ; Maze of Ith ; Land ; ; Rare ; Anson Maddocks ;  MTGO Masters Edition IV
247 ; Mishra's Workshop ; Land ; ; Rare ; Kaja Foglio ;  MTGO Masters Edition IV
248 ; Oasis ; Land ; ; Common ; Brian Snoddy ;  MTGO Masters Edition IV
249 ; Plateau ; Land - Mountain Plains ; ; Rare ; Cornelius Brudi ;  MTGO Masters Edition IV
250 ; Savannah ; Land - Forest Plains ; ; Rare ; Rob Alexander ;  MTGO Masters Edition IV
251 ; Scrubland ; Land - Plains Swamp ; ; Rare ; Jesper Myrfors ;  MTGO Masters Edition IV
252 ; Strip Mine ; Land ; ; Rare ; Daniel Gelon ;  MTGO Masters Edition IV
253 ; Taiga ; Land - Mountain Forest ; ; Rare ; Rob Alexander ;  MTGO Masters Edition IV
254 ; Tropical Island ; Land - Forest Island ; ; Rare ; Jesper Myrfors ;  MTGO Masters Edition IV
255 ; Tundra ; Land - Plains Island ; ; Rare ; Jesper Myrfors ;  MTGO Masters Edition IV
256 ; Underground Sea ; Land - Island Swamp ; ; Rare ; Rob Alexander ;  MTGO Masters Edition IV
257 ; Urza's Mine ; Land - Urza's Mine ; ; Land ; Anson Maddocks ;  MTGO Masters Edition IV
258 ; Urza's Power Plant ; Land - Urza's Power-Plant ; ; Land ; Mark Tedin ;  MTGO Masters Edition IV
259 ; Urza's Tower ; Land - Urza's Tower ; ; Land ; Mark Poole ;  MTGO Masters Edition IV
260 ; Volcanic Island ; Land - Island Mountain ; ; Rare ; Brian Snoddy ;  MTGO Masters Edition IV
1 ; Akron Legionnaire ; Creature - Giant Soldier 8/4 ; 6WW ; Rare ; Mark Poole ;  MTGO Masters Edition III
2 ; Alabaster Potion ; Instant ; XWW ; Uncommon ; Harold McNeill ;  MTGO Masters Edition III
3 ; Amrou Kithkin ; Creature - Kithkin 1/1 ; WW ; Common ; Quinton Hoover ;  MTGO Masters Edition III
4 ; Call to Arms ; Enchantment ; 1W ; Uncommon ; Randy Gallegos ;  MTGO Masters Edition III
5 ; Cleanse ; Sorcery ; 2WW ; Rare ; Phil Foglio ;  MTGO Masters Edition III
6 ; D'Avenant Archer ; Creature - Human Soldier Archer 1/2 ; 2W ; Common ; Douglas Shuler ;  MTGO Masters Edition III
7 ; Disenchant ; Instant ; 1W ; Common ; Amy Weber ;  MTGO Masters Edition III
8 ; Divine Intervention ; Enchantment ; 6WW ; Rare ; Anthony S. Waters ;  MTGO Masters Edition III
9 ; Eightfold Maze ; Instant ; 2W ; Uncommon ; Shang Huitong ;  MTGO Masters Edition III
10 ; Exorcist ; Creature - Human Cleric 1/1 ; WW ; Uncommon ; Drew Tucker ;  MTGO Masters Edition III
11 ; False Defeat ; Sorcery ; 3W ; Uncommon ; Li Wang ;  MTGO Masters Edition III
12 ; Guan Yu, Sainted Warrior ; Legendary Creature - Human Soldier Warrior 3/5 ; 3WW ; Uncommon ; Qiao Dafu ;  MTGO Masters Edition III
13 ; Guan Yu's 1,000-Li March ; Sorcery ; 4WW ; Rare ; Yang Guangmai ;  MTGO Masters Edition III
14 ; Heal ; Instant ; W ; Common ; Mark Tedin ;  MTGO Masters Edition III
15 ; Ivory Guardians ; Creature - Giant Cleric 3/3 ; 4WW ; Uncommon ; Melissa A. Benson ;  MTGO Masters Edition III
16 ; Kongming, "Sleeping Dragon" ; Legendary Creature - Human Advisor 2/2 ; 2WW ; Rare ; Gao Yan ;  MTGO Masters Edition III
17 ; Land Tax ; Enchantment ; W ; Rare ; Brian Snoddy ;  MTGO Masters Edition III
18 ; Lightning Blow ; Instant ; 1W ; Common ; Harold McNeill ;  MTGO Masters Edition III
19 ; Liu Bei, Lord of Shu ; Legendary Creature - Human Soldier 2/4 ; 3WW ; Rare ; Qiao Dafu ;  MTGO Masters Edition III
20 ; Loyal Retainers ; Creature - Human Advisor 1/1 ; 2W ; Uncommon ; Solomon Au Yeung ;  MTGO Masters Edition III
21 ; Misfortune's Gain ; Sorcery ; 3W ; Common ; Jiaming ;  MTGO Masters Edition III
22 ; Peach Garden Oath ; Sorcery ; W ; Common ; Qiao Dafu ;  MTGO Masters Edition III
23 ; Shu Cavalry ; Creature - Human Soldier 2/2 ; 2W ; Common ; Li Xiaohua ;  MTGO Masters Edition III
24 ; Shu Elite Companions ; Creature - Human Soldier 3/3 ; 4W ; Common ; Qiao Dafu ;  MTGO Masters Edition III
25 ; Shu General ; Creature - Human Soldier 2/2 ; 3W ; Common ; Li Xiaohua ;  MTGO Masters Edition III
26 ; Shu Soldier-Farmers ; Creature - Human Soldier 2/4 ; 4W ; Common ; Li Xiaohua ;  MTGO Masters Edition III
27 ; Wall of Light ; Creature - Wall 1/5 ; 2W ; Common ; Richard Thomas ;  MTGO Masters Edition III
28 ; Zhang Fei, Fierce Warrior ; Legendary Creature - Human Soldier Warrior 4/4 ; 4WW ; Uncommon ; Qiao Dafu ;  MTGO Masters Edition III
29 ; Benthic Explorers ; Creature - Merfolk Scout 2/4 ; 3U ; Common ; Greg Simanson ;  MTGO Masters Edition III
30 ; Boomerang ; Instant ; UU ; Common ; Brian Snoddy ;  MTGO Masters Edition III
31 ; Borrowing 100,000 Arrows ; Sorcery ; 2U ; Uncommon ; Song Shikai ;  MTGO Masters Edition III
32 ; Brilliant Plan ; Sorcery ; 4U ; Common ; Song Shikai ;  MTGO Masters Edition III
33 ; Capture of Jingzhou ; Sorcery ; 3UU ; Rare ; Jack Wei ;  MTGO Masters Edition III
34 ; Dance of Many ; Enchantment ; UU ; Uncommon ; Sandra Everingham ;  MTGO Masters Edition III
35 ; Flash Flood ; Instant ; U ; Uncommon ; Tom W‰nerstrand ;  MTGO Masters Edition III
36 ; Force Spike ; Instant ; U ; Common ; Bryon Wackwitz ;  MTGO Masters Edition III
37 ; Forced Retreat ; Sorcery ; 2U ; Common ; Huang Qishi ;  MTGO Masters Edition III
38 ; Infuse ; Instant ; 2U ; Common ; Randy Gallegos ;  MTGO Masters Edition III
39 ; Labyrinth Minotaur ; Creature - Minotaur 1/4 ; 3U ; Common ; Anson Maddocks ;  MTGO Masters Edition III
40 ; Land Equilibrium ; Enchantment ; 2UU ; Rare ; Jesper Myrfors ;  MTGO Masters Edition III
41 ; Lu Meng, Wu General ; Legendary Creature - Human Soldier 4/4 ; 3UU ; Uncommon ; Gao Yan ;  MTGO Masters Edition III
42 ; Lu Xun, Scholar General ; Legendary Creature - Human Soldier 1/3 ; 2UU ; Uncommon ; Xu Xiaoming ;  MTGO Masters Edition III
43 ; Mana Drain ; Instant ; UU ; Rare ; Mark Tedin ;  MTGO Masters Edition III
44 ; Mana Vortex ; Enchantment ; 1UU ; Rare ; Douglas Shuler ;  MTGO Masters Edition III
45 ; Old Man of the Sea ; Creature - Djinn 2/3 ; 1UU ; Rare ; Susan Van Camp ;  MTGO Masters Edition III
46 ; Recall ; Sorcery ; XXU ; Uncommon ; Brian Snoddy ;  MTGO Masters Edition III
47 ; Remove Soul ; Instant ; 1U ; Common ; Brian Snoddy ;  MTGO Masters Edition III
48 ; Reset ; Instant ; UU ; Rare ; Nicola Leonard ;  MTGO Masters Edition III
49 ; Reveka, Wizard Savant ; Legendary Creature - Dwarf Wizard 0/1 ; 2UU ; Uncommon ; Susan Van Camp ;  MTGO Masters Edition III
50 ; Spiny Starfish ; Creature - Starfish 0/1 ; 2U ; Uncommon ; Alan Rabinowitz ;  MTGO Masters Edition III
51 ; Strategic Planning ; Sorcery ; 1U ; Common ; Zhang Jiazhen ;  MTGO Masters Edition III
52 ; Sun Ce, Young Conquerer ; Legendary Creature - Human Soldier 3/3 ; 3UU ; Uncommon ; Yang Guangmai ;  MTGO Masters Edition III
53 ; Sun Quan, Lord of Wu ; Legendary Creature - Human Soldier 4/4 ; 4UU ; Rare ; Xu Xiaoming ;  MTGO Masters Edition III
54 ; Wu Elite Cavalry ; Creature - Human Soldier 2/3 ; 3U ; Common ; Li Wang ;  MTGO Masters Edition III
55 ; Wu Longbowman ; Creature - Human Soldier Archer 1/1 ; 2U ; Common ; Xu Tan ;  MTGO Masters Edition III
56 ; Wu Warship ; Creature - Human Soldier 3/3 ; 2U ; Common ; Jiang Zhuqing ;  MTGO Masters Edition III
57 ; All Hallow's Eve ; Sorcery ; 2BB ; Rare ; Christopher Rush ;  MTGO Masters Edition III
58 ; Ashes to Ashes ; Sorcery ; 1BB ; Uncommon ; Drew Tucker ;  MTGO Masters Edition III
59 ; Banshee ; Creature - Spirit 0/1 ; 2BB ; Uncommon ; Jesper Myrfors ;  MTGO Masters Edition III
60 ; Carrion Ants ; Creature - Insect 0/1 ; 2BB ; Uncommon ; Richard Thomas ;  MTGO Masters Edition III
61 ; Cosmic Horror ; Creature - Horror 7/7 ; 3BBB ; Rare ; Jesper Myrfors ;  MTGO Masters Edition III
62 ; Demonic Torment ; Enchantment - Aura ; 2B ; Common ; Anson Maddocks ;  MTGO Masters Edition III
63 ; Desperate Charge ; Sorcery ; 2B ; Common ; Chen Weidong ;  MTGO Masters Edition III
64 ; Evil Presence ; Enchantment - Aura ; B ; Common ; Sandra Everingham ;  MTGO Masters Edition III
65 ; Famine ; Sorcery ; 3BB ; Uncommon ; Sun Nan ;  MTGO Masters Edition III
66 ; Fevered Strength ; Instant ; 2B ; Common ; Brian Snoddy ;  MTGO Masters Edition III
67 ; Ghostly Visit ; Sorcery ; 2B ; Common ; Kang Yu ;  MTGO Masters Edition III
68 ; Ghosts of the Damned ; Creature - Spirit 0/2 ; 1BB ; Common ; Edward P. Beard, Jr. ;  MTGO Masters Edition III
69 ; Grim Tutor ; Sorcery ; 1BB ; Rare ; Mark Tedin ;  MTGO Masters Edition III
70 ; Hellfire ; Sorcery ; 2BBB ; Rare ; Pete Venters ;  MTGO Masters Edition III
71 ; Lesser Werewolf ; Creature - Human Wolf 2/4 ; 3B ; Common ; Quinton Hoover ;  MTGO Masters Edition III
72 ; Mind Twist ; Sorcery ; XB ; Rare ; Julie Baroh ;  MTGO Masters Edition III
73 ; Nether Void ; World Enchantment ; 3B ; Rare ; Harold McNeill ;  MTGO Masters Edition III
74 ; Spirit Shackle ; Enchantment - Aura ; BB ; Common ; Edward P. Beard, Jr. ;  MTGO Masters Edition III
75 ; Stolen Grain ; Sorcery ; 4BB ; Uncommon ; LHQ ;  MTGO Masters Edition III
76 ; Takklemaggot ; Enchantment - Aura ; 2BB ; Uncommon ; Daniel Gelon ;  MTGO Masters Edition III
77 ; The Abyss ; World Enchantment ; 3B ; Rare ; Pete Venters ;  MTGO Masters Edition III
78 ; The Wretched ; Creature - Demon 2/5 ; 3BB ; Uncommon ; Christopher Rush ;  MTGO Masters Edition III
79 ; Wei Elite Companions ; Creature - Human Soldier 3/3 ; 4B ; Common ; Li Youliang ;  MTGO Masters Edition III
80 ; Wei Infantry ; Creature - Human Soldier 2/1 ; 1B ; Common ; LHQ ;  MTGO Masters Edition III
81 ; Wei Night Raiders ; Creature - Human Soldier 2/2 ; 2BB ; Uncommon ; Wang Feng ;  MTGO Masters Edition III
82 ; Wei Strike Force ; Creature - Human Soldier 2/1 ; 2B ; Common ; Tang Xiaogu ;  MTGO Masters Edition III
83 ; Xiahou Dun, the One-Eyed ; Legendary Creature - Human Soldier 3/2 ; 2BB ; Uncommon ; Junko Taguchi ;  MTGO Masters Edition III
84 ; Young Wei Recruits ; Creature - Human Soldier 2/2 ; 1B ; Common ; Li Youliang ;  MTGO Masters Edition III
85 ; Active Volcano ; Instant ; R ; Uncommon ; Justin Hampton ;  MTGO Masters Edition III
86 ; Anaba Ancestor ; Creature - Minotaur Spirit 1/1 ; 1R ; Common ; Anson Maddocks ;  MTGO Masters Edition III
87 ; Anaba Spirit Crafter ; Creature - Minotaur Shaman 1/3 ; 2RR ; Common ; Anson Maddocks ;  MTGO Masters Edition III
88 ; Blood Lust ; Instant ; 1R ; Common ; Anson Maddocks ;  MTGO Masters Edition III
89 ; Burning of Xinye ; Sorcery ; 4RR ; Rare ; Yang Hong ;  MTGO Masters Edition III
90 ; Chain Lightning ; Sorcery ; R ; Common ; Sandra Everingham ;  MTGO Masters Edition III
91 ; Cinder Storm ; Sorcery ; 6R ; Uncommon ; Mark Tedin ;  MTGO Masters Edition III
92 ; Corrupt Eunuchs ; Creature - Human Advisor 2/2 ; 3R ; Uncommon ; Li Yousong ;  MTGO Masters Edition III
93 ; Crimson Kobolds ; Creature - - Kobold 0/1 ; 0 ; Common ; Anson Maddocks ;  MTGO Masters Edition III
94 ; Crimson Manticore ; Creature - Manticore 2/2 ; 2RR ; Uncommon ; Daniel Gelon ;  MTGO Masters Edition III
95 ; Disharmony ; Instant ; 2R ; Uncommon ; Phil Foglio ;  MTGO Masters Edition III
96 ; Dong Zhou, the Tyrant ; Legendary Creature - Human Soldier 3/3 ; 4R ; Rare ; Inoue Junichi ;  MTGO Masters Edition III
97 ; Fire Ambush ; Sorcery ; 1R ; Common ; Tang Xiaogu ;  MTGO Masters Edition III
98 ; Fire Drake ; Creature - Drake 1/2 ; 1RR ; Common ; Christopher Rush ;  MTGO Masters Edition III
99 ; Firestorm Phoenix ; Creature - Phoenix 3/2 ; 4RR ; Rare ; Jeff A. Menges ;  MTGO Masters Edition III
100 ; Forked Lightning ; Sorcery ; 3R ; Uncommon ; Ted Naifeh ;  MTGO Masters Edition III
101 ; Frost Giant ; Creature - Giant 4/4 ; 3RRR ; Uncommon ; Daniel Gelon ;  MTGO Masters Edition III
102 ; Hurloon Minotaur ; Creature - Minotaur 2/3 ; 1RR ; Common ; Anson Maddocks ;  MTGO Masters Edition III
103 ; Immolation ; Enchantment - Aura ; R ; Common ; Scott Kirschner ;  MTGO Masters Edition III
104 ; Kobold Drill Sergeant ; Creature - Kobold Soldier 1/2 ; 1R ; Uncommon ; Julie Baroh ;  MTGO Masters Edition III
105 ; Kobold Overlord ; Creature - Kobold 1/2 ; 1R ; Uncommon ; Julie Baroh ;  MTGO Masters Edition III
106 ; Kobold Taskmaster ; Creature - Kobold 1/2 ; 1R ; Common ; Randy Asplund ;  MTGO Masters Edition III
107 ; Kobolds of Kher Keep ; Creature - Kobold 0/1 ; 0 ; Common ; Julie Baroh ;  MTGO Masters Edition III
108 ; Lu Bu, Master-at-Arms ; Legendary Creature - Human Soldier Warrior 4/3 ; 5R ; Rare ; Gao Jianzhang ;  MTGO Masters Edition III
109 ; Raging Minotaur ; Creature - Minotaur Berserker 3/3 ; 2RR ; Common ; Scott M. Fischer ;  MTGO Masters Edition III
110 ; Rolling Earthquake ; Sorcery ; XR ; Rare ; Yang Hong ;  MTGO Masters Edition III
111 ; Storm World ; World Enchantment ; R ; Rare ; Christopher Rush ;  MTGO Masters Edition III
112 ; Zodiac Dragon ; Creature - Dragon 8/8 ; 7RR ; Rare ; Qi Baocheng ;  MTGO Masters Edition III
113 ; Arboria ; World Enchantment ; 2GG ; Rare ; Daniel Gelon ;  MTGO Masters Edition III
114 ; Concordant Crossroads ; World Enchantment ; G ; Rare ; Amy Weber ;  MTGO Masters Edition III
115 ; Desert Twister ; Sorcery ; 4GG ; Uncommon ; Susan Van Camp ;  MTGO Masters Edition III
116 ; Elves of Deep Shadow ; Creature - Elf Druid 1/1 ; G ; Common ; Jesper Myrfors ;  MTGO Masters Edition III
117 ; Faerie Noble ; Creature - Faerie 1/2 ; 2G ; Uncommon ; Susan Van Camp ;  MTGO Masters Edition III
118 ; Fire Sprites ; Creature - Faerie 1/1 ; 1G ; Common ; Julie Baroh ;  MTGO Masters Edition III
119 ; Freyalise's Winds ; Enchantment ; 2GG ; Rare ; Mark Tedin ;  MTGO Masters Edition III
120 ; Gaea's Touch ; Enchantment ; GG ; Uncommon ; Mark Poole ;  MTGO Masters Edition III
121 ; Giant Growth ; Instant ; G ; Common ; DiTerlizzi ;  MTGO Masters Edition III
122 ; Heavy Fog ; Instant ; 1G ; Common ; Liu Shangying ;  MTGO Masters Edition III
123 ; Hua Tuo, Honored Physician ; Legendary Creature - Human 1/2 ; 1GG ; Rare ; Gao Jianzhang ;  MTGO Masters Edition III
124 ; Hunting Cheetah ; Creature - Cat 2/3 ; 2G ; Common ; Fang Yue ;  MTGO Masters Edition III
125 ; Jungle Lion ; Creature - Cat 2/1 ; G ; Common ; Janine Johnston ;  MTGO Masters Edition III
126 ; Killer Bees ; Creature - Insect 0/1 ; 1GG ; Uncommon ; Phil Foglio ;  MTGO Masters Edition III
127 ; Living Plane ; World Enchantment ; 2GG ; Rare ; Bryon Wackwitz ;  MTGO Masters Edition III
128 ; Meng Huo, Barbarian King ; Legendary Creature - Human Barbarian Soldier 4/4 ; 3GG ; Rare ; Yang Guangmai ;  MTGO Masters Edition III
129 ; Meng Huo's Horde ; Creature - Human Soldier 4/5 ; 4G ; Common ; Yang Jun Kwon ;  MTGO Masters Edition III
130 ; Reincarnation ; Instant ; 1GG ; Uncommon ; Edward P. Beard, Jr. ;  MTGO Masters Edition III
131 ; Riding the Dilu Horse ; Sorcery ; 2G ; Uncommon ; Hong Yan ;  MTGO Masters Edition III
132 ; Scryb Sprites ; Creature - Faerie 1/1 ; G ; Common ; Amy Weber ;  MTGO Masters Edition III
133 ; Slashing Tiger ; Creature - Cat 3/3 ; 2GG ; Common ; Yang Jun Kwon ;  MTGO Masters Edition III
134 ; Spoils of Victory ; Sorcery ; 2G ; Common ; Sun Nan ;  MTGO Masters Edition III
135 ; Three Visits ; Sorcery ; 1G ; Common ; Qu Xin ;  MTGO Masters Edition III
136 ; Tracker ; Creature - Human 2/2 ; 2G ; Uncommon ; Jeff A. Menges ;  MTGO Masters Edition III
137 ; Trip Wire ; Sorcery ; 2G ; Common ; Hong Yan ;  MTGO Masters Edition III
138 ; Willow Priestess ; Creature - Faerie Druid 2/2 ; 2GG ; Uncommon ; Susan Van Camp ;  MTGO Masters Edition III
139 ; Willow Satyr ; Creature - Satyr 1/1 ; 2GG ; Rare ; Jeff A. Menges ;  MTGO Masters Edition III
140 ; Wormwood Treefolk ; Creature - Treefolk 4/4 ; 3GG ; Uncommon ; Jesper Myrfors ;  MTGO Masters Edition III
141 ; Angus Mackenzie ; Legendary Creature - Human Cleric 2/2 ; WUG ; Rare ; Bryon Wackwitz ;  MTGO Masters Edition III
142 ; Arcades Sabboth ; Legendary Creature - Elder Dragon 7/7 ; 2WWUUGG ; Rare ; Edward P. Beard, Jr. ;  MTGO Masters Edition III
143 ; Axelrod Gunnarson ; Legendary Creature - Giant 5/5 ; 4BBRR ; Uncommon ; Scott Kirschner ;  MTGO Masters Edition III
144 ; Barktooth Warbeard ; Legendary Creature - Human Warrior 6/5 ; 4BRR ; Common ; Andi Rusu ;  MTGO Masters Edition III
145 ; Bartel Runeaxe ; Legendary Creature - Giant Warrior 6/5 ; 3BRG ; Uncommon ; Andi Rusu ;  MTGO Masters Edition III
146 ; Boris Devilboon ; Legendary Creature - Zombie Wizard 2/2 ; 3BR ; Uncommon ; Jesper Myrfors ;  MTGO Masters Edition III
147 ; Chromium ; Legendary Creature - Elder Dragon 7/7 ; 2WWUUBB ; Rare ; Edward P. Beard, Jr. ;  MTGO Masters Edition III
148 ; Gabriel Angelfire ; Legendary Creature - Angel 4/4 ; 3WWGG ; Rare ; Daniel Gelon ;  MTGO Masters Edition III
149 ; Gwendlyn Di Corci ; Legendary Creature - Human Rogue 3/5 ; UBBR ; Rare ; Julie Baroh ;  MTGO Masters Edition III
150 ; Halfdane ; Legendary Creature - Shapeshifter 3/3 ; 1WUB ; Rare ; Melissa A. Benson ;  MTGO Masters Edition III
151 ; Hazezon Tamar ; Legendary Creature - Human Warrior 2/4 ; 4WRG ; Rare ; Richard Kane Ferguson ;  MTGO Masters Edition III
152 ; Hunding Gjornersen ; Legendary Creature - Human Warrior 5/4 ; 3WUU ; Uncommon ; Richard Thomas ;  MTGO Masters Edition III
153 ; Jedit Ojanen ; Legendary Creature - Cat Warrior 5/5 ; 4WWU ; Common ; Mark Poole ;  MTGO Masters Edition III
154 ; Jerrard of the Closed Fist ; Legendary Creature - Human Knight 6/5 ; 3RGG ; Common ; Andi Rusu ;  MTGO Masters Edition III
155 ; Kei Takahashi ; Legendary Creature - Human Cleric 2/2 ; 2WG ; Uncommon ; Scott Kirschner ;  MTGO Masters Edition III
156 ; Kjeldoran Frostbeast ; Creature - Elemental Beast 2/4 ; 3WG ; Uncommon ; Mark Poole ;  MTGO Masters Edition III
157 ; Lady Caleria ; Legendary Creature - Human Archer 3/6 ; 3WWGG ; Uncommon ; Bryon Wackwitz ;  MTGO Masters Edition III
158 ; Lady Evangela ; Legendary Creature - Human Cleric 1/2 ; WUB ; Uncommon ; Mark Poole ;  MTGO Masters Edition III
159 ; Lady Orca ; Legendary Creature - Demon 7/4 ; 5BR ; Common ; Sandra Everingham ;  MTGO Masters Edition III
160 ; Livonya Silone ; Legendary Creature - Human Warrior 4/4 ; 2RRGG ; Uncommon ; Richard Kane Ferguson ;  MTGO Masters Edition III
161 ; Marhault Elsdragon ; Legendary Creature - Elf Warrior 4/6 ; 3RRG ; Uncommon ; Mark Poole ;  MTGO Masters Edition III
162 ; Nebuchadnezzar ; Legendary Creature - Human Wizard 3/3 ; 3UB ; Uncommon ; Richard Kane Ferguson ;  MTGO Masters Edition III
163 ; Nicol Bolas ; Legendary Creature - Elder Dragon 7/7 ; 2UUBBRR ; Rare ; Edward P. Beard, Jr. ;  MTGO Masters Edition III
164 ; Palladia-Mors ; Legendary Creature - Elder Dragon 7/7 ; 2WWRRGG ; Rare ; Edward P. Beard, Jr. ;  MTGO Masters Edition III
165 ; Pavel Maliki ; Legendary Creature - Human 5/3 ; 4BR ; Uncommon ; Andi Rusu ;  MTGO Masters Edition III
166 ; Princess Lucrezia ; Legendary Creature - Human Wizard 5/4 ; 3UUB ; Uncommon ; Edward P. Beard, Jr. ;  MTGO Masters Edition III
167 ; Ragnar ; Legendary Creature - Human Cleric 2/2 ; WUG ; Uncommon ; Melissa A. Benson ;  MTGO Masters Edition III
168 ; Ramirez DePietro ; Legendary Creature - Human Pirate 4/3 ; 3UBB ; Common ; Phil Foglio ;  MTGO Masters Edition III
169 ; Ramses Overdark ; Legendary Creature - Human Assassin 4/3 ; 2UUBB ; Uncommon ; Richard Kane Ferguson ;  MTGO Masters Edition III
170 ; Rasputin Dreamweaver ; Legendary Creature - Human Wizard 4/1 ; 4WU ; Rare ; Andi Rusu ;  MTGO Masters Edition III
171 ; Riven Turnbull ; Legendary Creature - Human Advisor 5/7 ; 5UB ; Uncommon ; Richard Kane Ferguson ;  MTGO Masters Edition III
172 ; Rohgahh of Kher Keep ; Legendary Creature - Kobold 5/5 ; 2BBRR ; Rare ; Edward P. Beard, Jr. ;  MTGO Masters Edition III
173 ; Rubinia Soulsinger ; Legendary Creature - Faerie 2/3 ; 2WUG ; Rare ; Rob Alexander ;  MTGO Masters Edition III
174 ; Sir Shandlar of Eberyn ; Legendary Creature - Human Knight 4/7 ; 4WG ; Common ; Andi Rusu ;  MTGO Masters Edition III
175 ; Sivitri Scarzam ; Legendary Creature - Human 6/4 ; 5UB ; Common ; NÈNÈ Thomas ;  MTGO Masters Edition III
176 ; Spectral Shield ; Enchantment - Aura ; 1WU ; Uncommon ; Margaret Organ-Kean ;  MTGO Masters Edition III
177 ; Stangg ; Legendary Creature - Human Warrior 3/4 ; 4RG ; Uncommon ; Mark Poole ;  MTGO Masters Edition III
178 ; Sunastian Falconer ; Legendary Creature - Human Shaman 4/4 ; 3RG ; Uncommon ; Christopher Rush ;  MTGO Masters Edition III
179 ; Tetsuo Umezawa ; Legendary Creature - Human Archer 3/3 ; UBR ; Rare ; Julie Baroh ;  MTGO Masters Edition III
180 ; The Lady of the Mountain ; Legendary Creature - Giant 5/5 ; 4RG ; Common ; Richard Kane Ferguson ;  MTGO Masters Edition III
181 ; Tobias Andrion ; Legendary Creature - Human Advisor 4/4 ; 3WU ; Common ; Andi Rusu ;  MTGO Masters Edition III
182 ; Tor Wauki ; Legendary Creature - Human Archer 3/3 ; 2BBR ; Uncommon ; Randy Asplund ;  MTGO Masters Edition III
183 ; Torsten Von Ursus ; Legendary Creature - Human Soldier 5/5 ; 3WGG ; Common ; Mark Poole ;  MTGO Masters Edition III
184 ; Tuknir Deathlock ; Legendary Creature - Human Wizard 2/2 ; RRGG ; Uncommon ; Liz Danforth ;  MTGO Masters Edition III
185 ; Vaevictis Asmadi ; Legendary Creature - Elder Dragon 7/7 ; 2BBRRGG ; Rare ; Andi Rusu ;  MTGO Masters Edition III
186 ; Wandering Mage ; Creature - Human Cleric Wizard 0/3 ; WUB ; Rare ; Pete Venters ;  MTGO Masters Edition III
187 ; Xira Arien ; Legendary Creature - Insect Wizard 1/2 ; BRG ; Rare ; Melissa A. Benson ;  MTGO Masters Edition III
188 ; Arena of the Ancients ; Artifact ; 3 ; Rare ; Tom W‰nerstrand ;  MTGO Masters Edition III
189 ; Astrolabe ; Artifact ; 3 ; Common ; Amy Weber ;  MTGO Masters Edition III
190 ; Barl's Cage ; Artifact ; 4 ; Rare ; Tom W‰nerstrand ;  MTGO Masters Edition III
191 ; Black Vise ; Artifact ; 1 ; Rare ; Richard Thomas ;  MTGO Masters Edition III
192 ; Bone Flute ; Artifact ; 3 ; Common ; Christopher Rush ;  MTGO Masters Edition III
193 ; Coal Golem ; Artifact Creature - Golem 3/3 ; 5 ; Common ; Christopher Rush ;  MTGO Masters Edition III
194 ; Didgeridoo ; Artifact ; 1 ; Uncommon ; Melissa A. Benson ;  MTGO Masters Edition III
195 ; Fellwar Stone ; Artifact ; 2 ; Common ; Quinton Hoover ;  MTGO Masters Edition III
196 ; Gauntlets of Chaos ; Artifact ; 5 ; Rare ; Dan Frazier ;  MTGO Masters Edition III
197 ; Illusionary Mask ; Artifact ; 2 ; Rare ; Amy Weber ;  MTGO Masters Edition III
198 ; Knowledge Vault ; Artifact ; 4 ; Uncommon ; Anthony S. Waters ;  MTGO Masters Edition III
199 ; Life Chisel ; Artifact ; 4 ; Rare ; Anthony S. Waters ;  MTGO Masters Edition III
200 ; Nova Pentacle ; Artifact ; 4 ; Rare ; Richard Thomas ;  MTGO Masters Edition III
201 ; Sol Grail ; Artifact ; 3 ; Common ; Christopher Rush ;  MTGO Masters Edition III
202 ; Sword of the Ages ; Artifact ; 6 ; Rare ; Dan Frazier ;  MTGO Masters Edition III
203 ; Voodoo Doll ; Artifact ; 6 ; Rare ; Sandra Everingham ;  MTGO Masters Edition III
204 ; Bayou ; Land - Swamp Forest ; ; Rare ; Jesper Myrfors ;  MTGO Masters Edition III
205 ; Bazaar of Baghdad ; Land ; ; Rare ; Jeff A. Menges ;  MTGO Masters Edition III
206 ; City of Shadows ; Land ; ; Rare ; Tom W‰nerstrand ;  MTGO Masters Edition III
207 ; Hammerheim ; Legendary Land ; ; Uncommon ; Bryon Wackwitz ;  MTGO Masters Edition III
208 ; Karakas ; Legendary Land ; ; Rare ; Nicola Leonard ;  MTGO Masters Edition III
209 ; Plateau ; Land - Mountain Plains ; ; Rare ; Cornelius Brudi ;  MTGO Masters Edition III
210 ; Scrubland ; Land - Plains Swamp ; ; Rare ; Jesper Myrfors ;  MTGO Masters Edition III
211 ; Sorrow's Path ; Land ; ; Rare ; Randy Asplund ;  MTGO Masters Edition III
212 ; The Tabernacle at Pendrell Vale ; Legendary Land ; ; Rare ; Nicola Leonard ;  MTGO Masters Edition III
213 ; Tropical Island ; Land - Forest Island ; ; Rare ; Jesper Myrfors ;  MTGO Masters Edition III
214 ; Urborg ; Legendary Land ; ; Uncommon ; Bryon Wackwitz ;  MTGO Masters Edition III
215 ; Volcanic Island ; Land - Island Mountain ; ; Rare ; Brian Snoddy ;  MTGO Masters Edition III
216 ; Plains ; Basic Land - Plains ; ; Land ; He Jiancheng ;  MTGO Masters Edition III
217 ; Plains ; Basic Land - Plains ; ; Land ; He Jiancheng ;  MTGO Masters Edition III
218 ; Plains ; Basic Land - Plains ; ; Land ; He Jiancheng ;  MTGO Masters Edition III
219 ; Island ; Basic Land - Island ; ; Land ; Ku Xueming ;  MTGO Masters Edition III
220 ; Island ; Basic Land - Island ; ; Land ; Ku Xueming ;  MTGO Masters Edition III
221 ; Island ; Basic Land - Island ; ; Land ; Ku Xueming ;  MTGO Masters Edition III
222 ; Swamp ; Basic Land - Swamp ; ; Land ; Wang Chuxiong ;  MTGO Masters Edition III
223 ; Swamp ; Basic Land - Swamp ; ; Land ; Wang Chuxiong ;  MTGO Masters Edition III
224 ; Swamp ; Basic Land - Swamp ; ; Land ; Wang Chuxiong ;  MTGO Masters Edition III
225 ; Mountain ; Basic Land - Mountain ; ; Land ; Qin Jun ;  MTGO Masters Edition III
226 ; Mountain ; Basic Land - Mountain ; ; Land ; Qin Jun ;  MTGO Masters Edition III
227 ; Mountain ; Basic Land - Mountain ; ; Land ; Qin Jun ;  MTGO Masters Edition III
228 ; Forest ; Basic Land - Forest ; ; Land ; Ji Yong ;  MTGO Masters Edition III
229 ; Forest ; Basic Land - Forest ; ; Land ; Ji Yong ;  MTGO Masters Edition III
230 ; Forest ; Basic Land - Forest ; ; Land ; Ji Yong ;  MTGO Masters Edition III
1 ; Abbey Gargoyles ; Creature - Gargoyle 3/4 ; 2WWW ; Uncommon ; Christopher Rush ;  MTGO Masters Edition II
2 ; Angel of Fury ; Creature - Angel 3/5 ; 4WW ; Rare ; Keith Parkinson ;  MTGO Masters Edition II
3 ; Angel of Light ; Creature - Angel 3/3 ; 4W ; Uncommon ; Todd Lockwood ;  MTGO Masters Edition II
4 ; Armor of Faith ; Enchantment - Aura ; W ; Common ; Anson Maddocks ;  MTGO Masters Edition II
5 ; Armored Griffin ; Creature - Griffin 2/3 ; 3W ; Common ; Bradley Williams ;  MTGO Masters Edition II
6 ; Aysen Bureaucrats ; Creature - Human Advisor 1/1 ; 1W ; Common ; Alan Rabinowitz ;  MTGO Masters Edition II
7 ; Aysen Crusader ; Creature - Human Knight 2+*/2+* ; 2WW ; Uncommon ; NÈNÈ Thomas ;  MTGO Masters Edition II
8 ; Caribou Range ; Enchantment - Aura ; 2WW ; Rare ; Ruth Thompson ;  MTGO Masters Edition II
9 ; Combat Medic ; Creature - Human Soldier 0/2 ; 2W ; Common ; Anson Maddocks ;  MTGO Masters Edition II
10 ; Disenchant ; Instant ; 1W ; Common ; Brian Snoddy ;  MTGO Masters Edition II
11 ; Energy Storm ; Enchantment ; 1W ; Rare ; Sandra Everingham ;  MTGO Masters Edition II
12 ; Errand of Duty ; Instant ; 1W ; Uncommon ; Julie Baroh ;  MTGO Masters Edition II
13 ; Farrel's Mantle ; Enchantment - Aura ; 2W ; Uncommon ; Anthony S. Waters ;  MTGO Masters Edition II
14 ; Farrel's Zealot ; Creature - Human 2/2 ; 1WW ; Uncommon ; Richard Kane Ferguson ;  MTGO Masters Edition II
15 ; Icatian Javelineers ; Creature - Human Soldier 1/1 ; W ; Common ; Melissa A. Benson ;  MTGO Masters Edition II
16 ; Icatian Phalanx ; Creature - Human Soldier 2/4 ; 4W ; Common ; Kaja Foglio ;  MTGO Masters Edition II
17 ; Icatian Scout ; Creature - Human Soldier 1/1 ; W ; Common ; Richard Kane Ferguson ;  MTGO Masters Edition II
18 ; Inheritance ; Enchantment ; W ; Uncommon ; Kaja Foglio ;  MTGO Masters Edition II
19 ; Ivory Gargoyle ; Creature - Gargoyle 2/2 ; 4W ; Rare ; Quinton Hoover ;  MTGO Masters Edition II
20 ; Juniper Order Advocate ; Creature - Human Knight 1/2 ; 2W ; Uncommon ; Douglas Shuler ;  MTGO Masters Edition II
21 ; Kjeldoran Elite Guard ; Creature - Human Soldier 2/2 ; 3W ; Common ; Melissa A. Benson ;  MTGO Masters Edition II
22 ; Kjeldoran Home Guard ; Creature - Human Soldier 1/6 ; 3W ; Uncommon ; Andi Rusu ;  MTGO Masters Edition II
23 ; Kjeldoran Skycaptain ; Creature - Human Soldier 2/2 ; 4W ; Common ; Mark Poole ;  MTGO Masters Edition II
24 ; Lost Order of Jarkeld ; Creature - Human Knight 1+*/1+* ; 2WW ; Rare ; Andi Rusu ;  MTGO Masters Edition II
25 ; Order of the Sacred Torch ; Creature - Human Knight 2/2 ; 1WW ; Rare ; Ruth Thompson ;  MTGO Masters Edition II
26 ; Order of the White Shield ; Creature - Human Knight 2/1 ; WW ; Uncommon ; Ruth Thompson ;  MTGO Masters Edition II
27 ; Ravages of War ; Sorcery ; 3W ; Rare ; Fang Yue ;  MTGO Masters Edition II
28 ; Reinforcements ; Instant ; W ; Common ; Diane Vick ;  MTGO Masters Edition II
29 ; Reprisal ; Instant ; 1W ; Common ; Randy Asplund ;  MTGO Masters Edition II
30 ; Righteous Fury ; Sorcery ; 4WW ; Rare ; Edward P. Beard, Jr. ;  MTGO Masters Edition II
31 ; Royal Decree ; Enchantment ; 2WW ; Rare ; Pete Venters ;  MTGO Masters Edition II
32 ; Royal Trooper ; Creature - Human Soldier 2/2 ; 2W ; Common ; Scott M. Fischer ;  MTGO Masters Edition II
33 ; Sacred Boon ; Instant ; 1W ; Uncommon ; Mike Raabe ;  MTGO Masters Edition II
34 ; Scars of the Veteran ; Instant ; 4W ; Rare ; Dan Frazier ;  MTGO Masters Edition II
35 ; Shield Bearer ; Creature - Human Soldier 0/3 ; 1W ; Common ; Dan Frazier ;  MTGO Masters Edition II
36 ; Sustaining Spirit ; Creature - Angel Spirit 0/3 ; 1W ; Rare ; Rebecca Guay ;  MTGO Masters Edition II
37 ; Swords to Plowshares ; Instant ; W ; Uncommon ; Kaja Foglio ;  MTGO Masters Edition II
38 ; Warning ; Instant ; W ; Common ; Pat Morrissey ;  MTGO Masters Edition II
39 ; Ather Storm ; Enchantment ; 3U ; Uncommon ; Mark Tedin ;  MTGO Masters Edition II
40 ; Balduvian Conjurer ; Creature - Human Wizard 0/2 ; 1U ; Common ; Mark Tedin ;  MTGO Masters Edition II
41 ; Binding Grasp ; Enchantment - Aura ; 3U ; Rare ; Ruth Thompson ;  MTGO Masters Edition II
42 ; Brainstorm ; Instant ; U ; Common ; Christopher Rush ;  MTGO Masters Edition II
43 ; Browse ; Enchantment ; 2UU ; Uncommon ; Phil Foglio ;  MTGO Masters Edition II
44 ; Counterspell ; Instant ; UU ; Uncommon ; L. A. Williams ;  MTGO Masters Edition II
45 ; Deep Spawn ; Creature - Homarid 6/6 ; 5UUU ; Rare ; Mark Tedin ;  MTGO Masters Edition II
46 ; Dreams of the Dead ; Enchantment ; 3U ; Rare ; Heather Hudson ;  MTGO Masters Edition II
47 ; Enervate ; Instant ; 1U ; Common ; L. A. Williams ;  MTGO Masters Edition II
48 ; Essence Flare ; Enchantment - Aura ; U ; Common ; Richard Kane Ferguson ;  MTGO Masters Edition II
49 ; Iceberg ; Enchantment ; XUU ; Uncommon ; Jeff A. Menges ;  MTGO Masters Edition II
50 ; Icy Prison ; Enchantment ; UU ; Common ; Anson Maddocks ;  MTGO Masters Edition II
51 ; Krovikan Sorcerer ; Creature - Human Wizard 1/1 ; 2U ; Common ; Pat Morrissey ;  MTGO Masters Edition II
52 ; Lat-Nam's Legacy ; Instant ; 1U ; Common ; Tom W‰nerstrand ;  MTGO Masters Edition II
53 ; Magus of the Unseen ; Creature - Human Wizard 1/1 ; 1U ; Rare ; Kaja Foglio ;  MTGO Masters Edition II
54 ; Marjhan ; Creature - Leviathan 8/8 ; 5UU ; Rare ; Daniel Gelon ;  MTGO Masters Edition II
55 ; Mesmeric Trance ; Enchantment ; 1UU ; Rare ; Dan Frazier ;  MTGO Masters Edition II
56 ; Musician ; Creature - Human Wizard 1/3 ; 2U ; Rare ; Drew Tucker ;  MTGO Masters Edition II
57 ; Narwhal ; Creature - Whale 2/2 ; 2UU ; Uncommon ; David A. Cherry ;  MTGO Masters Edition II
58 ; Personal Tutor ; Sorcery ; U ; Uncommon ; D. Alexander Gregory ;  MTGO Masters Edition II
59 ; Phantasmal Mount ; Creature - Illusion Horse 1/1 ; 1U ; Common ; Melissa A. Benson ;  MTGO Masters Edition II
60 ; Portent ; Sorcery ; U ; Common ; Liz Danforth ;  MTGO Masters Edition II
61 ; Ray of Command ; Instant ; 3U ; Uncommon ; Harold McNeill ;  MTGO Masters Edition II
62 ; Red Cliffs Armada ; Creature - Human Soldier 5/4 ; 4U ; Common ; Zhang Jiazhen ;  MTGO Masters Edition II
63 ; Screeching Drake ; Creature - Drake 2/2 ; 3U ; Common ; Anson Maddocks ;  MTGO Masters Edition II
64 ; Sea Drake ; Creature - Drake 4/3 ; 2U ; Rare ; Rebecca Guay ;  MTGO Masters Edition II
65 ; Sea Spirit ; Creature - Elemental Spirit 2/3 ; 4U ; Uncommon ; Rob Alexander ;  MTGO Masters Edition II
66 ; Shyft ; Creature - Shapeshifter 4/2 ; 4U ; Common ; Richard Thomas ;  MTGO Masters Edition II
67 ; Sibilant Spirit ; Creature - Spirit 5/6 ; 5U ; Rare ; Ron Spencer ;  MTGO Masters Edition II
68 ; Storm Elemental ; Creature - Elemental 3/4 ; 5U ; Uncommon ; John Matson ;  MTGO Masters Edition II
69 ; Temporal Manipulation ; Sorcery ; 3UU ; Rare ; Anson Maddocks ;  MTGO Masters Edition II
70 ; Thought Lash ; Enchantment ; 2UU ; Rare ; Mark Tedin ;  MTGO Masters Edition II
71 ; Thunder Wall ; Creature - Wall 0/2 ; 1UU ; Uncommon ; Richard Thomas ;  MTGO Masters Edition II
72 ; Viscerid Armor ; Enchantment - Aura ; 1U ; Common ; Heather Hudson ;  MTGO Masters Edition II
73 ; Viscerid Drone ; Creature - Homarid Drone 1/2 ; 1U ; Uncommon ; Heather Hudson ;  MTGO Masters Edition II
74 ; Wall of Kelp ; Creature - Plant Wall 0/3 ; UU ; Common ; Alan Rabinowitz ;  MTGO Masters Edition II
75 ; Wind Spirit ; Creature - Elemental Spirit 3/2 ; 4U ; Uncommon ; Kaja Foglio ;  MTGO Masters Edition II
76 ; Zuran Spellcaster ; Creature - Human Wizard 1/1 ; 2U ; Common ; Edward P. Beard, Jr. ;  MTGO Masters Edition II
77 ; Armor Thrull ; Creature - Thrull 1/3 ; 2B ; Common ; Pete Venters ;  MTGO Masters Edition II
78 ; Ashen Ghoul ; Creature - Zombie 3/1 ; 3B ; Uncommon ; Ron Spencer ;  MTGO Masters Edition II
79 ; Balduvian Dead ; Creature - Zombie 2/3 ; 3B ; Uncommon ; Mike Kimble ;  MTGO Masters Edition II
80 ; Brine Shaman ; Creature - Human Cleric Shaman 1/1 ; 1B ; Common ; Cornelius Brudi ;  MTGO Masters Edition II
81 ; Broken Visage ; Instant ; 4B ; Uncommon ; Mike Kimble ;  MTGO Masters Edition II
82 ; Cloak of Confusion ; Enchantment - Aura ; 1B ; Common ; Margaret Organ-Kean ;  MTGO Masters Edition II
83 ; Dance of the Dead ; Enchantment - Aura ; 1B ; Uncommon ; Randy Gallegos ;  MTGO Masters Edition II
84 ; Dark Banishing ; Instant ; 2B ; Common ; Drew Tucker ;  MTGO Masters Edition II
85 ; Demonic Consultation ; Instant ; B ; Uncommon ; Rob Alexander ;  MTGO Masters Edition II
86 ; Drift of the Dead ; Creature - Wall */* ; 3B ; Common ; Brian Snoddy ;  MTGO Masters Edition II
87 ; Dry Spell ; Sorcery ; 1B ; Common ; Brian Snoddy ;  MTGO Masters Edition II
88 ; Dystopia ; Enchantment ; 1BB ; Rare ; Ruth Thompson ;  MTGO Masters Edition II
89 ; Ebon Praetor ; Creature - Avatar 5/5 ; 4BB ; Rare ; Randy Asplund ;  MTGO Masters Edition II
90 ; Foul Familiar ; Creature - Spirit 3/1 ; 2B ; Common ; Anson Maddocks ;  MTGO Masters Edition II
91 ; Funeral March ; Enchantment - Aura ; 1BB ; Common ; John Coulthart ;  MTGO Masters Edition II
92 ; Gangrenous Zombies ; Creature - Zombie 2/2 ; 1BB ; Common ; Brian Snoddy ;  MTGO Masters Edition II
93 ; Grandmother Sengir ; Legendary Creature - Human Wizard 3/3 ; 4B ; Rare ; Pete Venters ;  MTGO Masters Edition II
94 ; Icequake ; Sorcery ; 1BB ; Common ; Richard Kane Ferguson ;  MTGO Masters Edition II
95 ; Ihsan's Shade ; Legendary Creature - Shade Knight 5/5 ; 3BBB ; Rare ; Christopher Rush ;  MTGO Masters Edition II
96 ; Imperial Seal ; Sorcery ; B ; Rare ; Li Tie ;  MTGO Masters Edition II
97 ; Infernal Darkness ; Enchantment ; 2BB ; Rare ; Phil Foglio ;  MTGO Masters Edition II
98 ; Kjeldoran Dead ; Creature - Skeleton 3/1 ; B ; Common ; Melissa A. Benson ;  MTGO Masters Edition II
99 ; Knight of Stromgald ; Creature - Human Knight 2/1 ; BB ; Uncommon ; Mark Poole ;  MTGO Masters Edition II
100 ; Krovikan Fetish ; Enchantment - Aura ; 2B ; Common ; Heather Hudson ;  MTGO Masters Edition II
101 ; Krovikan Horror ; Creature - Horror Spirit 2/2 ; 3B ; Rare ; Christopher Rush ;  MTGO Masters Edition II
102 ; Krovikan Vampire ; Creature - Vampire 3/3 ; 3BB ; Uncommon ; Quinton Hoover ;  MTGO Masters Edition II
103 ; Lim-Dul's High Guard ; Creature - Skeleton 2/1 ; 1BB ; Uncommon ; Anson Maddocks ;  MTGO Masters Edition II
104 ; Minion of Leshrac ; Creature - Demon Minion 5/5 ; 4BBB ; Rare ; L.A. Williams ;  MTGO Masters Edition II
105 ; Misinformation ; Instant ; B ; Uncommon ; Richard Kane Ferguson ;  MTGO Masters Edition II
106 ; Necrite ; Creature - Thrull 2/2 ; 1BB ; Common ; Ron Spencer ;  MTGO Masters Edition II
107 ; Necropotence ; Enchantment ; BBB ; Rare ; Mark Tedin ;  MTGO Masters Edition II
108 ; Phantasmal Fiend ; Creature - Illusion 1/5 ; 3B ; Common ; Scott Kirschner ;  MTGO Masters Edition II
109 ; Ritual of the Machine ; Sorcery ; 2BB ; Rare ; Anson Maddocks ;  MTGO Masters Edition II
110 ; Songs of the Damned ; Instant ; B ; Common ; Pete Venters ;  MTGO Masters Edition II
111 ; Soul Exchange ; Sorcery ; BB ; Uncommon ; Anthony S. Waters ;  MTGO Masters Edition II
112 ; Soul Kiss ; Enchantment - Aura ; 2B ; Uncommon ; Nicola Leonard ;  MTGO Masters Edition II
113 ; Stromgald Cabal ; Creature - Human Knight 2/2 ; 1BB ; Rare ; Anson Maddocks ;  MTGO Masters Edition II
114 ; Withering Wisps ; Enchantment ; 1BB ; Uncommon ; NÈNÈ Thomas ;  MTGO Masters Edition II
115 ; Ambush Party ; Creature - Human Rogue 3/1 ; 4R ; Common ; Charles Gillespie ;  MTGO Masters Edition II
116 ; Anarchy ; Sorcery ; 2RR ; Rare ; Phil Foglio ;  MTGO Masters Edition II
117 ; An-Zerrin Ruins ; Enchantment ; 2RR ; Rare ; Dennis Detwiller ;  MTGO Masters Edition II
118 ; Balduvian Hydra ; Creature - Hydra 0/1 ; XRR ; Rare ; Melissa A. Benson ;  MTGO Masters Edition II
119 ; Brassclaw Orcs ; Creature - Orc 3/2 ; 2R ; Common ; Rob Alexander ;  MTGO Masters Edition II
120 ; Brimstone Dragon ; Creature - Dragon 6/6 ; 6RR ; Rare ; David A. Cherry ;  MTGO Masters Edition II
121 ; Burnout ; Instant ; 1R ; Uncommon ; Mike Raabe ;  MTGO Masters Edition II
122 ; Conquer ; Enchantment - Aura ; 3RR ; Uncommon ; Randy Gallegos ;  MTGO Masters Edition II
123 ; Death Spark ; Instant ; R ; Common ; Mark Tedin ;  MTGO Masters Edition II
124 ; Errantry ; Enchantment - Aura ; 1R ; Common ; Scott Kirschner ;  MTGO Masters Edition II
125 ; Fire Dragon ; Creature - Dragon 6/6 ; 6RRR ; Rare ; William Simpson ;  MTGO Masters Edition II
126 ; Flame Spirit ; Creature - Elemental Spirit 2/3 ; 4R ; Uncommon ; Justin Hampton ;  MTGO Masters Edition II
127 ; Glacial Crevasses ; Enchantment ; 2R ; Rare ; Mike Raabe ;  MTGO Masters Edition II
128 ; Goblin Ski Patrol ; Creature - Goblin 1/1 ; 1R ; Common ; Mark Poole ;  MTGO Masters Edition II
129 ; Gorilla Shaman ; Creature - Ape Shaman 1/1 ; R ; Uncommon ; Anthony S. Waters ;  MTGO Masters Edition II
130 ; Imperial Recruiter ; Creature - Human Advisor 1/1 ; 2R ; Rare ; Mitsuaki Sagiri ;  MTGO Masters Edition II
131 ; Incinerate ; Instant ; 1R ; Common ; Mark Poole ;  MTGO Masters Edition II
132 ; Ironclaw Orcs ; Creature - Orc 2/2 ; 1R ; Common ; Anson Maddocks ;  MTGO Masters Edition II
133 ; Karplusan Giant ; Creature - Giant 3/3 ; 6R ; Uncommon ; Daniel Gelon ;  MTGO Masters Edition II
134 ; Lava Burst ; Sorcery ; XR ; Uncommon ; Tom W‰nerstrand ;  MTGO Masters Edition II
135 ; Meteor Shower ; Sorcery ; XXR ; Common ; Rick Emond ;  MTGO Masters Edition II
136 ; Mudslide ; Enchantment ; 2R ; Rare ; Brian Snoddy ;  MTGO Masters Edition II
137 ; Orc General ; Creature - Orc Warrior 2/2 ; 2R ; Uncommon ; Jesper Myrfors ;  MTGO Masters Edition II
138 ; Orcish Cannoneers ; Creature - Orc Warrior 1/3 ; 1RR ; Uncommon ; Dan Frazier ;  MTGO Masters Edition II
139 ; Orcish Captain ; Creature - Orc Warrior 1/1 ; R ; Uncommon ; Mark Tedin ;  MTGO Masters Edition II
140 ; Orcish Conscripts ; Creature - Orc 2/2 ; R ; Common ; Douglas Shuler ;  MTGO Masters Edition II
141 ; Orcish Farmer ; Creature - Orc 2/2 ; 1RR ; Common ; Dan Frazier ;  MTGO Masters Edition II
142 ; Orcish Lumberjack ; Creature - Orc 1/1 ; R ; Common ; Dan Frazier ;  MTGO Masters Edition II
143 ; Orcish Squatters ; Creature - Orc 2/3 ; 4R ; Rare ; Richard Kane Ferguson ;  MTGO Masters Edition II
144 ; Orcish Veteran ; Creature - Orc 2/2 ; 2R ; Common ; Quinton Hoover ;  MTGO Masters Edition II
145 ; Panic ; Instant ; R ; Common ; Mike Kimble ;  MTGO Masters Edition II
146 ; Pillage ; Sorcery ; 1RR ; Uncommon ; Richard Kane Ferguson ;  MTGO Masters Edition II
147 ; Pyrokinesis ; Instant ; 4RR ; Rare ; Ron Spencer ;  MTGO Masters Edition II
148 ; Retribution ; Sorcery ; 2RR ; Uncommon ; Mark Tedin ;  MTGO Masters Edition II
149 ; Rogue Skycaptain ; Creature - Human Rogue Mercenary 3/4 ; 2R ; Rare ; Randy Asplund ;  MTGO Masters Edition II
150 ; Stone Spirit ; Creature - Elemental Spirit 4/3 ; 4R ; Uncommon ; James Allen ;  MTGO Masters Edition II
151 ; Stonehands ; Enchantment - Aura ; 2R ; Common ; Dan Frazier ;  MTGO Masters Edition II
152 ; Varchild's Crusader ; Creature - Human Knight 3/2 ; 3R ; Common ; Mark Poole ;  MTGO Masters Edition II
153 ; Aurochs ; Creature - Aurochs 2/3 ; 3G ; Common ; Ken Meyer, Jr. ;  MTGO Masters Edition II
154 ; Bounty of the Hunt ; Instant ; 3GG ; Rare ; Jeff A. Menges ;  MTGO Masters Edition II
155 ; Carapace ; Enchantment - Aura ; G ; Common ; Anson Maddocks ;  MTGO Masters Edition II
156 ; Elvish Farmer ; Creature - Elf 0/2 ; 1G ; Rare ; Richard Kane Ferguson ;  MTGO Masters Edition II
157 ; Elvish Hunter ; Creature - Elf Archer 1/1 ; 1G ; Common ; Anson Maddocks ;  MTGO Masters Edition II
158 ; Elvish Ranger ; Creature - Elf 4/1 ; 2G ; Common ; Terese Nielsen ;  MTGO Masters Edition II
159 ; Elvish Spirit Guide ; Creature - Elf Spirit 2/2 ; 2G ; Uncommon ; Julie Baroh ;  MTGO Masters Edition II
160 ; Essence Filter ; Sorcery ; 1GG ; Uncommon ; Rick Emond ;  MTGO Masters Edition II
161 ; Feral Thallid ; Creature - Fungus 6/3 ; 3GGG ; Common ; Rob Alexander ;  MTGO Masters Edition II
162 ; Folk of the Pines ; Creature - Dryad 2/5 ; 4G ; Common ; NÈNÈ Thomas & Catherine Buck ;  MTGO Masters Edition II
163 ; Forbidden Lore ; Enchantment - Aura ; 2G ; Uncommon ; Christopher Rush ;  MTGO Masters Edition II
164 ; Forgotten Lore ; Sorcery ; G ; Uncommon ; Harold McNeill ;  MTGO Masters Edition II
165 ; Fungal Bloom ; Enchantment ; GG ; Rare ; Daniel Gelon ;  MTGO Masters Edition II
166 ; Fyndhorn Pollen ; Enchantment ; 2G ; Rare ; Phil Foglio ;  MTGO Masters Edition II
167 ; Giant Growth ; Instant ; G ; Common ; L. A. Williams ;  MTGO Masters Edition II
168 ; Johtull Wurm ; Creature - Wurm 6/6 ; 5G ; Uncommon ; Daniel Gelon ;  MTGO Masters Edition II
169 ; Joven's Ferrets ; Creature - Ferret 1/1 ; G ; Uncommon ; Amy Weber ;  MTGO Masters Edition II
170 ; Kaysa ; Legendary Creature - Elf Druid 2/3 ; 3GG ; Rare ; Rebecca Guay ;  MTGO Masters Edition II
171 ; Leaping Lizard ; Creature - Lizard 2/3 ; 1GG ; Common ; Amy Weber ;  MTGO Masters Edition II
172 ; Nature's Wrath ; Enchantment ; 4GG ; Rare ; Liz Danforth ;  MTGO Masters Edition II
173 ; Night Soil ; Enchantment ; GG ; Uncommon ; Heather Hudson ;  MTGO Masters Edition II
174 ; Ritual of Subdual ; Enchantment ; 4GG ; Rare ; Justin Hampton ;  MTGO Masters Edition II
175 ; Shrink ; Instant ; G ; Common ; Liz Danforth ;  MTGO Masters Edition II
176 ; Spore Cloud ; Instant ; 1GG ; Uncommon ; Susan Van Camp ;  MTGO Masters Edition II
177 ; Spore Flower ; Creature - Fungus 0/1 ; GG ; Uncommon ; Margaret Organ-Kean ;  MTGO Masters Edition II
178 ; Stampede ; Instant ; 1GG ; Uncommon ; Jeff A. Menges ;  MTGO Masters Edition II
179 ; Stunted Growth ; Sorcery ; 3GG ; Rare ; NÈNÈ Thomas ;  MTGO Masters Edition II
180 ; Thallid ; Creature - Fungus 1/1 ; G ; Common ; Jesper Myrfors ;  MTGO Masters Edition II
181 ; Thallid Devourer ; Creature - Fungus 2/2 ; 1GG ; Common ; Ron Spencer ;  MTGO Masters Edition II
182 ; Thelonite Druid ; Creature - Human Cleric Druid 1/1 ; 2G ; Rare ; Margaret Organ-Kean ;  MTGO Masters Edition II
183 ; Thermokarst ; Sorcery ; 1GG ; Common ; Ken Meyer, Jr. ;  MTGO Masters Edition II
184 ; Tinder Wall ; Creature - Plant Wall 0/3 ; G ; Common ; Rick Emond ;  MTGO Masters Edition II
185 ; Whiteout ; Instant ; 1G ; Common ; NÈNÈ Thomas ;  MTGO Masters Edition II
186 ; Wiitigo ; Creature - Yeti 0/0 ; 3GGG ; Rare ; Melissa A. Benson ;  MTGO Masters Edition II
187 ; Wolf Pack ; Creature - Wolf 7/6 ; 6GG ; Rare ; Yang Jun Kwon ;  MTGO Masters Edition II
188 ; Woolly Mammoths ; Creature - Elephant 3/2 ; 1GG ; Common ; Dan Frazier ;  MTGO Masters Edition II
189 ; Woolly Spider ; Creature - Spider 2/3 ; 1GG ; Uncommon ; Daniel Gelon ;  MTGO Masters Edition II
190 ; Yavimaya Ancients ; Creature - Treefolk 2/7 ; 3GG ; Uncommon ; Quinton Hoover ;  MTGO Masters Edition II
191 ; Diabolic Vision ; Sorcery ; UB ; Uncommon ; Anthony S. Waters ;  MTGO Masters Edition II
192 ; Earthlink ; Enchantment ; 3BRG ; Rare ; Richard Kane Ferguson ;  MTGO Masters Edition II
193 ; Elemental Augury ; Enchantment ; UBR ; Rare ; Anthony S. Waters ;  MTGO Masters Edition II
194 ; Fumarole ; Sorcery ; 3BR ; Uncommon ; Drew Tucker ;  MTGO Masters Edition II
195 ; Giant Trap Door Spider ; Creature - Spider 2/3 ; 1RG ; Uncommon ; Heather Hudson ;  MTGO Masters Edition II
196 ; Nature's Blessing ; Enchantment ; 2WG ; Uncommon ; Sandra Everingham ;  MTGO Masters Edition II
197 ; Skeleton Ship ; Legendary Creature - Skeleton 0/3 ; 3UB ; Rare ; Amy Weber & Tom W‰nerstrand ;  MTGO Masters Edition II
198 ; Storm Spirit ; Creature - Elemental Spirit 3/3 ; 3WUG ; Rare ; Pete Venters ;  MTGO Masters Edition II
199 ; Wings of Aesthir ; Enchantment - Aura ; WU ; Uncommon ; Edward P. Beard, Jr. ;  MTGO Masters Edition II
200 ; Winter's Night ; World Enchantment ; WRG ; Rare ; Rob Alexander ;  MTGO Masters Edition II
201 ; Adarkar Sentinel ; Artifact Creature - Soldier 3/3 ; 5 ; Common ; Melissa A. Benson ;  MTGO Masters Edition II
202 ; Aeolipile ; Artifact ; 2 ; Common ; Heather Hudson ;  MTGO Masters Edition II
203 ; Ashnod's Cylix ; Artifact ; 2 ; Rare ; Nicola Leonard ;  MTGO Masters Edition II
204 ; Barbed Sextant ; Artifact ; 1 ; Common ; Amy Weber ;  MTGO Masters Edition II
205 ; Clockwork Steed ; Artifact Creature - Horse 0/3 ; 4 ; Uncommon ; Terese Nielsen ;  MTGO Masters Edition II
206 ; Despotic Scepter ; Artifact ; 1 ; Rare ; Richard Thomas ;  MTGO Masters Edition II
207 ; Elkin Bottle ; Artifact ; 3 ; Rare ; Quinton Hoover ;  MTGO Masters Edition II
208 ; Elven Lyre ; Artifact ; 2 ; Common ; Kaja Foglio ;  MTGO Masters Edition II
209 ; Gustha's Scepter ; Artifact ; 0 ; Rare ; Sandra Everingham ;  MTGO Masters Edition II
210 ; Helm of Obedience ; Artifact ; 4 ; Rare ; Brian Snoddy ;  MTGO Masters Edition II
211 ; Jester's Mask ; Artifact ; 5 ; Rare ; Dan Frazier ;  MTGO Masters Edition II
212 ; Jeweled Amulet ; Artifact ; 0 ; Uncommon ; Dan Frazier ;  MTGO Masters Edition II
213 ; Lodestone Bauble ; Artifact ; 0 ; Rare ; Douglas Shuler ;  MTGO Masters Edition II
214 ; Mana Crypt ; Artifact ; 0 ; Rare ; Mark Tedin ;  MTGO Masters Edition II
215 ; Mishra's Groundbreaker ; Artifact ; 4 ; Uncommon ; Randy Gallegos ;  MTGO Masters Edition II
216 ; Phyrexian Devourer ; Artifact Creature - Construct 1/1 ; 6 ; Uncommon ; Mark Tedin ;  MTGO Masters Edition II
217 ; Phyrexian Portal ; Artifact ; 3 ; Rare ; Pete Venters ;  MTGO Masters Edition II
218 ; Roterothopter ; Artifact Creature - Thopter 0/2 ; 1 ; Common ; Amy Weber ;  MTGO Masters Edition II
219 ; Skull Catapult ; Artifact ; 4 ; Uncommon ; Bryon Wackwitz ;  MTGO Masters Edition II
220 ; Snow Fortress ; Artifact Creature - Wall 0/4 ; 5 ; Uncommon ; Jeff A. Menges ;  MTGO Masters Edition II
221 ; Soldevi Digger ; Artifact ; 2 ; Uncommon ; Amy Weber ;  MTGO Masters Edition II
222 ; Soldevi Simulacrum ; Artifact Creature - Soldier 2/4 ; 4 ; Uncommon ; Dan Frazier ;  MTGO Masters Edition II
223 ; Time Bomb ; Artifact ; 4 ; Rare ; Amy Weber ;  MTGO Masters Edition II
224 ; Whirling Catapult ; Artifact ; 4 ; Uncommon ; Dan Frazier ;  MTGO Masters Edition II
225 ; Badlands ; Land - Swamp Mountain ; ; Rare ; Rob Alexander ;  MTGO Masters Edition II
226 ; Balduvian Trading Post ; Land ; ; Rare ; Tom W‰nerstrand ;  MTGO Masters Edition II
227 ; Dwarven Ruins ; Land ; ; Uncommon ; Mark Poole ;  MTGO Masters Edition II
228 ; Ebon Stronghold ; Land ; ; Uncommon ; Mark Poole ;  MTGO Masters Edition II
229 ; Glacial Chasm ; Land ; ; Rare ; Liz Danforth ;  MTGO Masters Edition II
230 ; Havenwood Battleground ; Land ; ; Uncommon ; Mark Poole ;  MTGO Masters Edition II
231 ; Heart of Yavimaya ; Land ; ; Rare ; Pete Venters ;  MTGO Masters Edition II
232 ; Ice Floe ; Land ; ; Uncommon ; Jeff A. Menges ;  MTGO Masters Edition II
233 ; Kjeldoran Outpost ; Land ; ; Rare ; Jeff A. Menges ;  MTGO Masters Edition II
234 ; Ruins of Trokair ; Land ; ; Uncommon ; Mark Poole ;  MTGO Masters Edition II
235 ; Savannah ; Land - Forest Plains ; ; Rare ; Rob Alexander ;  MTGO Masters Edition II
236 ; Soldevi Excavations ; Land ; ; Rare ; Liz Danforth ;  MTGO Masters Edition II
237 ; Svyelunite Temple ; Land ; ; Uncommon ; Mark Poole ;  MTGO Masters Edition II
238 ; Taiga ; Land - Mountain Forest ; ; Rare ; Rob Alexander ;  MTGO Masters Edition II
239 ; Tundra ; Land - Plains Island ; ; Rare ; Jesper Myrfors ;  MTGO Masters Edition II
240 ; Underground Sea ; Land - Island Swamp ; ; Rare ; Rob Alexander ;  MTGO Masters Edition II
241 ; Snow-Covered Plains ; Basic Snow Land - Plains ; ; Land ; Christopher Rush ;  MTGO Masters Edition II
242 ; Snow-Covered Island ; Basic Snow Land - Island ; ; Land ; Anson Maddocks ;  MTGO Masters Edition II
243 ; Snow-Covered Swamp ; Basic Snow Land - Swamp ; ; Land ; Douglas Shuler ;  MTGO Masters Edition II
244 ; Snow-Covered Mountain ; Basic Snow Land - Mountain ; ; Land ; Tom W‰nerstrand ;  MTGO Masters Edition II
245 ; Snow-Covered Forest ; Basic Snow Land - Forest ; ; Land ; Pat Morrissey ;  MTGO Masters Edition II
1 ; Angry Mob ; Creature - Human 2+*/2+* ; 2WW ; Uncommon ; Drew Tucker ;  MTGO Masters Edition
2 ; Animate Wall ; Enchantment - Aura ; W ; Uncommon ; Dan Frazier ;  MTGO Masters Edition
3 ; Argivian Archaeologist ; Creature - Human Artificer 1/1 ; 1WW ; Rare ; Amy Weber ;  MTGO Masters Edition
4 ; Armageddon ; Sorcery ; 3W ; Rare ; Jesper Myrfors ;  MTGO Masters Edition
5 ; Benalish Hero ; Creature - Human Soldier 1/1 ; W ; Common ; Douglas Shuler ;  MTGO Masters Edition
6 ; Crusade ; Enchantment ; WW ; Rare ; Mark Poole ;  MTGO Masters Edition
7 ; Death Speakers ; Creature - Human Cleric 1/1 ; W ; Common ; Douglas Shuler ;  MTGO Masters Edition
8 ; Death Ward ; Instant ; W ; Common ; Mark Poole ;  MTGO Masters Edition
9 ; Divine Transformation ; Enchantment - Aura ; 2WW ; Uncommon ; NÈNÈ Thomas ;  MTGO Masters Edition
10 ; Dust to Dust ; Sorcery ; 1WW ; Common ; Drew Tucker ;  MTGO Masters Edition
11 ; Elder Land Wurm ; Creature - Dragon Wurm 5/5 ; 4WWW ; Uncommon ; Quinton Hoover ;  MTGO Masters Edition
12 ; Exile ; Instant ; 2W ; Common ; Rob Alexander ;  MTGO Masters Edition
13 ; Greater Realm of Preservation ; Enchantment ; 1W ; Uncommon ; NÈNÈ Thomas ;  MTGO Masters Edition
14 ; Hallowed Ground ; Enchantment ; 1W ; Uncommon ; Douglas Shuler ;  MTGO Masters Edition
15 ; Hand of Justice ; Creature - Avatar 2/6 ; 5W ; Rare ; Melissa A. Benson ;  MTGO Masters Edition
16 ; Holy Light ; Instant ; 2W ; Common ; Drew Tucker ;  MTGO Masters Edition
17 ; Icatian Lieutenant ; Creature - Human Soldier 1/2 ; WW ; Common ; Pete Venters ;  MTGO Masters Edition
18 ; Icatian Town ; Sorcery ; 5W ; Uncommon ; Tom W‰nerstrand ;  MTGO Masters Edition
19 ; Knights of Thorn ; Creature - Human Knight 2/2 ; 3W ; Common ; Christopher Rush ;  MTGO Masters Edition
20 ; Mesa Pegasus ; Creature - Pegasus 1/1 ; 1W ; Common ; Melissa A. Benson ;  MTGO Masters Edition
21 ; Moat ; Enchantment ; 2WW ; Rare ; Jeff A. Menges ;  MTGO Masters Edition
22 ; Order of Leitbur ; Creature - Human Cleric Knight 2/1 ; WW ; Common ; Bryon Wackwitz ;  MTGO Masters Edition
23 ; Petra Sphinx ; Creature - Sphinx 3/4 ; 2WWW ; Rare ; Sandra Everingham ;  MTGO Masters Edition
24 ; Preacher ; Creature - Human Cleric 1/1 ; 1WW ; Rare ; Quinton Hoover ;  MTGO Masters Edition
25 ; Righteous Avengers ; Creature - Human Soldier 3/1 ; 4W ; Common ; Heather Hudson ;  MTGO Masters Edition
26 ; Seraph ; Creature - Angel 4/4 ; 6W ; Rare ; Christopher Rush ;  MTGO Masters Edition
27 ; Thunder Spirit ; Creature - Elemental Spirit 2/2 ; 1WW ; Uncommon ; Randy Asplund ;  MTGO Masters Edition
28 ; Tivadar's Crusade ; Sorcery ; 1WW ; Uncommon ; Dennis Detwiler ;  MTGO Masters Edition
29 ; Amnesia ; Sorcery ; 3UUU ; Rare ; Mark Poole ;  MTGO Masters Edition
30 ; Apprentice Wizard ; Creature - Human Wizard 0/1 ; 1UU ; Common ; Dan Frazier ;  MTGO Masters Edition
31 ; Arcane Denial ; Instant ; 1U ; Common ; Richard Kane Ferguson ;  MTGO Masters Edition
32 ; Diminishing Returns ; Sorcery ; 2UU ; Rare ; L. A. Williams ;  MTGO Masters Edition
33 ; Force of Will ; Instant ; 3UU ; Rare ; Terese Nielsen ;  MTGO Masters Edition
34 ; Giant Tortoise ; Creature - Turtle 1/1 ; 1U ; Common ; Kaja Foglio ;  MTGO Masters Edition
35 ; High Tide ; Instant ; U ; Uncommon ; Anson Maddocks ;  MTGO Masters Edition
36 ; Homarid Spawning Bed ; Enchantment ; UU ; Uncommon ; Douglas Shuler ;  MTGO Masters Edition
37 ; Hydroblast ; Instant ; U ; Common ; Kaja Foglio ;  MTGO Masters Edition
38 ; Illusionary Forces ; Creature - Illusion 4/4 ; 3U ; Uncommon ; Justin Hampton ;  MTGO Masters Edition
39 ; Illusionary Wall ; Creature - Illusion Wall 7/4 ; 4U ; Common ; Mark Poole ;  MTGO Masters Edition
40 ; Illusions of Grandeur ; Enchantment ; 3U ; Rare ; Quinton Hoover ;  MTGO Masters Edition
41 ; Juxtapose ; Sorcery ; 3U ; Uncommon ; Justin Hampton ;  MTGO Masters Edition
42 ; Mystic Remora ; Enchantment ; U ; Uncommon ; Ken Meyer, Jr. ;  MTGO Masters Edition
43 ; Phantom Monster ; Creature - Illusion 3/3 ; 3U ; Common ; Jesper Myrfors ;  MTGO Masters Edition
44 ; Polar Kraken ; Creature - Kraken 11/11 ; 8UUU ; Rare ; Mark Tedin ;  MTGO Masters Edition
45 ; Psychic Purge ; Sorcery ; U ; Uncommon ; Susan Van Camp ;  MTGO Masters Edition
46 ; Psychic Venom ; Enchantment - Aura ; 1U ; Common ; Brian Snoddy ;  MTGO Masters Edition
47 ; River Merfolk ; Creature - Merfolk 2/1 ; UU ; Common ; Douglas Shuler ;  MTGO Masters Edition
48 ; Sea Sprite ; Creature - Faerie 1/1 ; 1U ; Common ; Susan Van Camp ;  MTGO Masters Edition
49 ; Seasinger ; Creature - Merfolk 0/1 ; 1UU ; Uncommon ; Amy Weber ;  MTGO Masters Edition
50 ; Serendib Efreet ; Creature - Efreet 3/4 ; 2U ; Rare ; Anson Maddocks ;  MTGO Masters Edition
51 ; Sunken City ; Enchantment ; UU ; Uncommon ; Jesper Myrfors ;  MTGO Masters Edition
52 ; Telekinesis ; Instant ; UU ; Common ; Daniel Gelon ;  MTGO Masters Edition
53 ; Time Elemental ; Creature - Elemental 0/2 ; 2U ; Rare ; Amy Weber ;  MTGO Masters Edition
54 ; Vesuvan Doppelganger ; Creature - Shapeshifter 0/0 ; 3UU ; Rare ; Quinton Hoover ;  MTGO Masters Edition
55 ; Vodalian Knights ; Creature - Merfolk Knight 2/2 ; 1UU ; Uncommon ; Susan Van Camp ;  MTGO Masters Edition
56 ; Word of Undoing ; Instant ; U ; Common ; Christopher Rush ;  MTGO Masters Edition
57 ; Animate Dead ; Enchantment - Aura ; 1B ; Uncommon ; Anson Maddocks ;  MTGO Masters Edition
58 ; Baron Sengir ; Legendary Creature - Vampire 5/5 ; 5BBB ; Rare ; Pete Venters ;  MTGO Masters Edition
59 ; Basal Thrull ; Creature - Thrull 1/2 ; BB ; Common ; Kaja Foglio ;  MTGO Masters Edition
60 ; Black Knight ; Creature - Human Knight 2/2 ; BB ; Uncommon ; Jeff A. Menges ;  MTGO Masters Edition
61 ; Blight ; Enchantment - Aura ; BB ; Uncommon ; Pete Venters ;  MTGO Masters Edition
62 ; Breeding Pit ; Enchantment ; 3B ; Uncommon ; Anson Maddocks ;  MTGO Masters Edition
63 ; Chains of Mephistopheles ; Enchantment ; 1B ; Rare ; Heather Hudson ;  MTGO Masters Edition
64 ; Contagion ; Instant ; 3BB ; Rare ; Mike Raabe ;  MTGO Masters Edition
65 ; Cuombajj Witches ; Creature - Human Wizard 1/3 ; BB ; Common ; Kaja Foglio ;  MTGO Masters Edition
66 ; Derelor ; Creature - Thrull 4/4 ; 3B ; Uncommon ; Anson Maddocks ;  MTGO Masters Edition
67 ; Eater of the Dead ; Creature - Horror 3/4 ; 4B ; Uncommon ; Jesper Myrfors ;  MTGO Masters Edition
68 ; Erg Raiders ; Creature - Human Warrior 2/3 ; 1B ; Common ; Dameon Willich ;  MTGO Masters Edition
69 ; The Fallen ; Creature - Zombie 2/3 ; 1BBB ; Uncommon ; Jesper Myrfors ;  MTGO Masters Edition
70 ; Feast or Famine ; Instant ; 3B ; Common ; Pete Venters ;  MTGO Masters Edition
71 ; Hecatomb ; Enchantment ; 1BB ; Rare ; NÈNÈ Thomas ;  MTGO Masters Edition
72 ; Hyalopterous Lemure ; Creature - Spirit 4/3 ; 4B ; Common ; Richard Thomas ;  MTGO Masters Edition
73 ; Hymn to Tourach ; Sorcery ; BB ; Uncommon ; Quinton Hoover ;  MTGO Masters Edition
74 ; Juz·m Djinn ; Creature - Djinn 5/5 ; 2BB ; Rare ; Mark Tedin ;  MTGO Masters Edition
75 ; Khab·l Ghoul ; Creature - Zombie 1/1 ; 2B ; Rare ; Douglas Shuler ;  MTGO Masters Edition
76 ; Mindstab Thrull ; Creature - Thrull 2/2 ; 1BB ; Common ; Mark Tedin ;  MTGO Masters Edition
77 ; Nether Shadow ; Creature - Spirit 1/1 ; BB ; Uncommon ; Christopher Rush ;  MTGO Masters Edition
78 ; Order of the Ebon Hand ; Creature - Cleric Knight 2/1 ; BB ; Common ; Ron Spencer ;  MTGO Masters Edition
79 ; Oubliette ; Enchantment ; 1BB ; Common ; Douglas Shuler ;  MTGO Masters Edition
80 ; Paralyze ; Enchantment - Aura ; B ; Common ; Anson Maddocks ;  MTGO Masters Edition
81 ; Phyrexian Boon ; Enchantment - Aura ; 2B ; Common ; Mark Tedin ;  MTGO Masters Edition
82 ; Pox ; Sorcery ; BBB ; Rare ; Cornelius Brudi ;  MTGO Masters Edition
83 ; Thrull Champion ; Creature - Thrull 2/2 ; 4B ; Rare ; Daniel Gelon ;  MTGO Masters Edition
84 ; Thrull Retainer ; Enchantment - Aura ; B ; Common ; Ron Spencer ;  MTGO Masters Edition
85 ; Artifact Blast ; Instant ; R ; Common ; Mark Poole ;  MTGO Masters Edition
86 ; Balduvian Horde ; Creature - Human Barbarian 5/5 ; 2RR ; Rare ; Brian Snoddy ;  MTGO Masters Edition
87 ; Ball Lightning ; Creature - Elemental 6/1 ; RRR ; Rare ; Quinton Hoover ;  MTGO Masters Edition
88 ; Bestial Fury ; Enchantment - Aura ; 2R ; Common ; Mike Raabe ;  MTGO Masters Edition
89 ; Brothers of Fire ; Creature - Human Shaman 2/2 ; 1RR ; Common ; Mark Tedin ;  MTGO Masters Edition
90 ; Crookshank Kobolds ; Creature - Kobold 0/1 ; 0 ; Common ; Christopher Rush ;  MTGO Masters Edition
91 ; Dwarven Catapult ; Instant ; XR ; Uncommon ; Jeff A. Menges ;  MTGO Masters Edition
92 ; Dwarven Soldier ; Creature - Dwarf Soldier 2/1 ; 1R ; Common ; Rob Alexander ;  MTGO Masters Edition
93 ; Fissure ; Instant ; 3RR ; Common ; Douglas Shuler ;  MTGO Masters Edition
94 ; Goblin Chirurgeon ; Creature - Goblin Shaman 0/2 ; R ; Common ; Dan Frazier ;  MTGO Masters Edition
95 ; Goblin Grenade ; Sorcery ; R ; Uncommon ; Ron Spencer ;  MTGO Masters Edition
96 ; Goblin Mutant ; Creature - Goblin Mutant 5/3 ; 2RR ; Uncommon ; Daniel Gelon ;  MTGO Masters Edition
97 ; Goblin Wizard ; Creature - Goblin Wizard 1/1 ; 2RR ; Rare ; Daniel Gelon ;  MTGO Masters Edition
98 ; Goblins of the Flarg ; Creature - Goblin Warrior 1/1 ; R ; Common ; Tom W‰nerstrand ;  MTGO Masters Edition
99 ; Granite Gargoyle ; Creature - Gargoyle 2/2 ; 2R ; Uncommon ; Christopher Rush ;  MTGO Masters Edition
100 ; Jokulhaups ; Sorcery ; 4RR ; Rare ; Richard Thomas ;  MTGO Masters Edition
101 ; Keldon Warlord ; Creature - Human Barbarian */* ; 2RR ; Uncommon ; Kev Brockschmidt ;  MTGO Masters Edition
102 ; Lightning Bolt ; Instant ; R ; Common ; Christopher Rush ;  MTGO Masters Edition
103 ; Mana Flare ; Enchantment ; 2R ; Rare ; Christopher Rush ;  MTGO Masters Edition
104 ; M·rton Stromgald ; Legendary Creature - Human Knight 1/1 ; 2RR ; Rare ; Mark Poole ;  MTGO Masters Edition
105 ; Mountain Yeti ; Creature - Yeti 3/3 ; 2RR ; Common ; Dan Frazier ;  MTGO Masters Edition
106 ; Orcish Mechanics ; Creature - Orc 1/1 ; 2R ; Uncommon ; Pete Venters ;  MTGO Masters Edition
107 ; Pyroblast ; Instant ; R ; Common ; Kaja Foglio ;  MTGO Masters Edition
108 ; Spinal Villain ; Creature - Beast 1/2 ; 2R ; Uncommon ; Anson Maddocks ;  MTGO Masters Edition
109 ; Stone Giant ; Creature - Giant 3/4 ; 2RR ; Uncommon ; Dameon Willich ;  MTGO Masters Edition
110 ; Varchild's War-Riders ; Creature - Human Warrior 3/4 ; 1R ; Rare ; Susan Van Camp ;  MTGO Masters Edition
111 ; Winds of Change ; Sorcery ; R ; Uncommon ; Justin Hampton ;  MTGO Masters Edition
112 ; Ydwen Efreet ; Creature - Efreet 3/6 ; RRR ; Rare ; Drew Tucker ;  MTGO Masters Edition
113 ; Autumn Willow ; Legendary Creature - Avatar 4/4 ; 4GG ; Rare ; Margaret Organ-Kean ;  MTGO Masters Edition
114 ; Berserk ; Instant ; G ; Rare ; Dan Frazier ;  MTGO Masters Edition
115 ; Carnivorous Plant ; Creature - Plant Wall 4/5 ; 3G ; Uncommon ; Quinton Hoover ;  MTGO Masters Edition
116 ; Chub Toad ; Creature - Frog 1/1 ; 2G ; Common ; Daniel Gelon ;  MTGO Masters Edition
117 ; Eureka ; Sorcery ; 2GG ; Rare ; Kaja Foglio ;  MTGO Masters Edition
118 ; Fyndhorn Elves ; Creature - Elf Druid 1/1 ; G ; Common ; Justin Hampton ;  MTGO Masters Edition
119 ; Gargantuan Gorilla ; Creature - Ape 7/7 ; 4GGG ; Rare ; Greg Simanson ;  MTGO Masters Edition
120 ; Ghazb·n Ogre ; Creature - Ogre 2/2 ; G ; Common ; Jesper Myrfors ;  MTGO Masters Edition
121 ; Hungry Mist ; Creature - Elemental 6/2 ; 2GG ; Common ; Heather Hudson ;  MTGO Masters Edition
122 ; Ice Storm ; Sorcery ; 2G ; Uncommon ; Dan Frazier ;  MTGO Masters Edition
123 ; Ifh-BÌff Efreet ; Creature - Efreet 3/3 ; 2GG ; Rare ; Jesper Myrfors ;  MTGO Masters Edition
124 ; Nature's Lore ; Sorcery ; 1G ; Common ; Rick Emond ;  MTGO Masters Edition
125 ; Primal Order ; Enchantment ; 2GG ; Rare ; Rob Alexander ;  MTGO Masters Edition
126 ; Rabid Wombat ; Creature - Wombat 0/1 ; 2GG ; Uncommon ; Kaja Foglio ;  MTGO Masters Edition
127 ; Roots ; Enchantment - Aura ; 3G ; Common ; Nicola Leonard ;  MTGO Masters Edition
128 ; Scryb Sprites ; Creature - Faerie 1/1 ; G ; Common ; Amy Weber ;  MTGO Masters Edition
129 ; Shambling Strider ; Creature - Yeti 5/5 ; 4GG ; Common ; Douglas Shuler ;  MTGO Masters Edition
130 ; Singing Tree ; Creature - Plant 0/3 ; 3G ; Uncommon ; Rob Alexander ;  MTGO Masters Edition
131 ; Spectral Bears ; Creature - Bear Spirit 3/3 ; 1G ; Uncommon ; Pat Morrissey ;  MTGO Masters Edition
132 ; Storm Seeker ; Instant ; 3G ; Uncommon ; Mark Poole ;  MTGO Masters Edition
133 ; Sylvan Library ; Enchantment ; 1G ; Rare ; Harold McNeill ;  MTGO Masters Edition
134 ; Thicket Basilisk ; Creature - Basilisk 2/4 ; 3GG ; Uncommon ; Dan Frazier ;  MTGO Masters Edition
135 ; Thorn Thallid ; Creature - Fungus 2/2 ; 1GG ; Common ; Mark Tedin ;  MTGO Masters Edition
136 ; Tornado ; Enchantment ; 4G ; Rare ; Susan Van Camp ;  MTGO Masters Edition
137 ; Wanderlust ; Enchantment - Aura ; 2G ; Common ; Cornelius Brudi ;  MTGO Masters Edition
138 ; Winter Blast ; Sorcery ; XG ; Uncommon ; Kaja Foglio ;  MTGO Masters Edition
139 ; Wyluli Wolf ; Creature - Wolf 1/1 ; 1G ; Common ; Susan Van Camp ;  MTGO Masters Edition
140 ; Yavimaya Ants ; Creature - Insect 5/1 ; 2GG ; Uncommon ; Pat Morrissey ;  MTGO Masters Edition
141 ; Adun Oakenshield ; Legendary Creature - Human Knight 1/2 ; BRG ; Rare ; Jeff A. Menges ;  MTGO Masters Edition
142 ; Centaur Archer ; Creature - Centaur Archer 3/2 ; 1RG ; Uncommon ; Melissa A. Benson ;  MTGO Masters Edition
143 ; Dakkon Blackblade ; Legendary Creature - Human Warrior */* ; 2WUUB ; Rare ; Richard Kane Ferguson ;  MTGO Masters Edition
144 ; Energy Arc ; Instant ; WU ; Uncommon ; Terese Nielsen ;  MTGO Masters Edition
145 ; Fire Covenant ; Instant ; 1BR ; Uncommon ; Dan Frazier ;  MTGO Masters Edition
146 ; Hymn of Rebirth ; Sorcery ; 3WG ; Uncommon ; Richard Kane Ferguson ;  MTGO Masters Edition
147 ; Jacques le Vert ; Legendary Creature - Human Warrior 3/2 ; 1WRG ; Rare ; Andi Rusu ;  MTGO Masters Edition
148 ; Lim-Dul's Vault ; Instant ; UB ; Uncommon ; Rob Alexander ;  MTGO Masters Edition
149 ; Lord of Tresserhorn ; Legendary Creature - Zombie 10/4 ; 1UBR ; Rare ; Anson Maddocks ;  MTGO Masters Edition
150 ; Phelddagrif ; Legendary Creature - Phelddagrif 4/4 ; 1WUG ; Rare ; Amy Weber ;  MTGO Masters Edition
151 ; Ankh of Mishra ; Artifact ; 2 ; Rare ; Amy Weber ;  MTGO Masters Edition
152 ; Ashnod's Transmogrant ; Artifact ; 1 ; Common ; Mark Tedin ;  MTGO Masters Edition
153 ; Clockwork Beast ; Artifact Creature - Beast 0/4 ; 6 ; Uncommon ; Drew Tucker ;  MTGO Masters Edition
154 ; Copper Tablet ; Artifact ; 2 ; Uncommon ; Amy Weber ;  MTGO Masters Edition
155 ; Cursed Rack ; Artifact ; 4 ; Uncommon ; Richard Thomas ;  MTGO Masters Edition
156 ; Dragon Engine ; Artifact Creature - Construct 1/3 ; 3 ; Common ; Anson Maddocks ;  MTGO Masters Edition
157 ; Forcefield ; Artifact ; 3 ; Rare ; Dan Frazier ;  MTGO Masters Edition
158 ; Ivory Tower ; Artifact ; 1 ; Rare ; Margaret Organ-Kean ;  MTGO Masters Edition
159 ; Mirror Universe ; Artifact ; 6 ; Rare ; Phil Foglio ;  MTGO Masters Edition
160 ; Nevinyrral's Disk ; Artifact ; 4 ; Rare ; Mark Tedin ;  MTGO Masters Edition
161 ; Onulet ; Artifact Creature - Construct 2/2 ; 3 ; Common ; Anson Maddocks ;  MTGO Masters Edition
162 ; Phyrexian War Beast ; Artifact Creature - Beast 3/4 ; 3 ; Uncommon ; Bill Sienkiewicz ;  MTGO Masters Edition
163 ; Ring of Ma'ruf ; Artifact ; 5 ; Rare ; Dan Frazier ;  MTGO Masters Edition
164 ; Serpent Generator ; Artifact ; 6 ; Rare ; Mark Tedin ;  MTGO Masters Edition
165 ; Shield of the Ages ; Artifact ; 2 ; Uncommon ; Anson Maddocks ;  MTGO Masters Edition
166 ; Shield Sphere ; Artifact Creature - Wall 0/6 ; 0 ; Common ; Alan Rabinowitz ;  MTGO Masters Edition
167 ; Stone Calendar ; Artifact ; 5 ; Uncommon ; Amy Weber ;  MTGO Masters Edition
168 ; Su-Chi ; Artifact Creature - Construct 4/4 ; 4 ; Rare ; Christopher Rush ;  MTGO Masters Edition
169 ; Tawnos's Coffin ; Artifact ; 4 ; Rare ; Christopher Rush ;  MTGO Masters Edition
170 ; Urza's Bauble ; Artifact ; 0 ; Uncommon ; Christopher Rush ;  MTGO Masters Edition
171 ; Urza's Chalice ; Artifact ; 1 ; Common ; Jeff A. Menges ;  MTGO Masters Edition
172 ; Walking Wall ; Artifact Creature - Wall 0/6 ; 4 ; Uncommon ; Anthony Waters ;  MTGO Masters Edition
173 ; Winter Orb ; Artifact ; 2 ; Rare ; Mark Tedin ;  MTGO Masters Edition
174 ; Zuran Orb ; Artifact ; 0 ; Uncommon ; Sandra Everingham ;  MTGO Masters Edition
175 ; Diamond Valley ; Land ; ; Rare ; Brian Snoddy ;  MTGO Masters Edition
176 ; Island of Wak-Wak ; Land ; ; Rare ; Douglas Shuler ;  MTGO Masters Edition
177 ; Lake of the Dead ; Land ; ; Rare ; Pete Venters ;  MTGO Masters Edition
178 ; Mishra's Factory ; Land ; ; Uncommon ; Kaja & Phil Foglio ;  MTGO Masters Edition
179 ; Rainbow Vale ; Land ; ; Rare ; Kaja Foglio ;  MTGO Masters Edition
180 ; Thawing Glaciers ; Land ; ; Rare ; Jeff A. Menges ;  MTGO Masters Edition
181 ; Plains ; Basic Land - Plains ; ; Land ; Jesper Myrfors ;  MTGO Masters Edition
182 ; Plains ; Basic Land - Plains ; ; Land ; Jesper Myrfors ;  MTGO Masters Edition
183 ; Plains ; Basic Land - Plains ; ; Land ; Jesper Myrfors ;  MTGO Masters Edition
184 ; Island ; Basic Land - Island ; ; Land ; Mark Poole ;  MTGO Masters Edition
185 ; Island ; Basic Land - Island ; ; Land ; Mark Poole ;  MTGO Masters Edition
186 ; Island ; Basic Land - Island ; ; Land ; Mark Poole ;  MTGO Masters Edition
187 ; Swamp ; Basic Land - Swamp ; ; Land ; Dan Frazier ;  MTGO Masters Edition
188 ; Swamp ; Basic Land - Swamp ; ; Land ; Dan Frazier ;  MTGO Masters Edition
189 ; Swamp ; Basic Land - Swamp ; ; Land ; Dan Frazier ;  MTGO Masters Edition
190 ; Mountain ; Basic Land - Mountain ; ; Land ; Douglas Shuler ;  MTGO Masters Edition
191 ; Mountain ; Basic Land - Mountain ; ; Land ; Douglas Shuler ;  MTGO Masters Edition
192 ; Mountain ; Basic Land - Mountain ; ; Land ; Douglas Shuler ;  MTGO Masters Edition
193 ; Forest ; Basic Land - Forest ; ; Land ; Christopher Rush ;  MTGO Masters Edition
194 ; Forest ; Basic Land - Forest ; ; Land ; Christopher Rush ;  MTGO Masters Edition
195 ; Forest ; Basic Land - Forest ; ; Land ; Christopher Rush ;  MTGO Masters Edition