1 ; Altar's Light ; Instant ; 2WW ; Uncommon ; Daren Bader ;  Mirrodin
2 ; Arrest ; Enchant Creature ; 2W ; Common ; Tim Hildebrandt ;  Mirrodin
3 ; Auriok Bladewarden ; Creature - Human Soldier 1/1 ; 1W ; Uncommon ; Dave Dorman ;  Mirrodin
4 ; Auriok Steelshaper ; Creature - Human Soldier 1/1 ; 1W ; Rare ; Dany Orizio ;  Mirrodin
5 ; Auriok Transfixer ; Creature - Human Scout 1/1 ; W ; Common ; Stephen Tappin ;  Mirrodin
6 ; Awe Strike ; Instant ; W ; Common ; Scott M. Fischer ;  Mirrodin
7 ; Blinding Beam ; Instant ; 2W ; Common ; Doug Chaffee ;  Mirrodin
8 ; Leonin Abunas ; Creature - Cat Cleric 2/5 ; 3W ; Rare ; Darrell Riche ;  Mirrodin
9 ; Leonin Den-Guard ; Creature - Cat Soldier 1/3 ; 1W ; Common ; Todd Lockwood ;  Mirrodin
10 ; Leonin Elder ; Creature - Cat Cleric 1/1 ; W ; Common ; Todd Lockwood ;  Mirrodin
11 ; Leonin Skyhunter ; Creature - Cat Knight 2/2 ; WW ; Uncommon ; Kev Walker ;  Mirrodin
12 ; Loxodon Mender ; Creature - Elephant Cleric 3/3 ; 5W ; Common ; Heather Hudson ;  Mirrodin
13 ; Loxodon Peacekeeper ; Creature - Elephant Soldier 4/4 ; 1W ; Rare ; Michael Sutfin ;  Mirrodin
14 ; Loxodon Punisher ; Creature - Elephant Soldier 2/2 ; 3W ; Rare ; Terese Nielsen ;  Mirrodin
15 ; Luminous Angel ; Creature - Angel 4/4 ; 4WWW ; Rare ; Matthew D. Wilson ;  Mirrodin
16 ; Raise the Alarm ; Instant ; 1W ; Common ; John Matson ;  Mirrodin
17 ; Razor Barrier ; Instant ; 1W ; Common ; Ron Spencer ;  Mirrodin
18 ; Roar of the Kha ; Instant ; 1W ; Uncommon ; Matt Cavotta ;  Mirrodin
19 ; Rule of Law ; Enchantment ; 2W ; Rare ; Scott M. Fischer ;  Mirrodin
20 ; Second Sunrise ; Instant ; 1WW ; Rare ; Greg Staples ;  Mirrodin
21 ; Skyhunter Cub ; Creature - Cat Knight 2/2 ; 2W ; Common ; Pete Venters ;  Mirrodin
22 ; Skyhunter Patrol ; Creature - Cat Knight 2/3 ; 2WW ; Common ; Matt Cavotta ;  Mirrodin
23 ; Slith Ascendant ; Creature - Slith 1/1 ; 1WW ; Uncommon ; Justin Sweet ;  Mirrodin
24 ; Solar Tide ; Sorcery ; 4WW ; Rare ; Dave Dorman ;  Mirrodin
25 ; Soul Nova ; Instant ; 3WW ; Uncommon ; Keith Garletts ;  Mirrodin
26 ; Sphere of Purity ; Enchantment ; 3W ; Common ; Thomas Gianni ;  Mirrodin
27 ; Taj-Nar Swordsmith ; Creature - Cat Soldier 2/3 ; 3W ; Uncommon ; Todd Lockwood ;  Mirrodin
28 ; Tempest of Light ; Instant ; 2W ; Uncommon ; Wayne England ;  Mirrodin
29 ; Annul ; Instant ; U ; Common ; Brian Snoddy ;  Mirrodin
30 ; Assert Authority ; Instant ; 5UU ; Uncommon ; Greg Hildebrandt ;  Mirrodin
31 ; Broodstar ; Creature - Beast */* ; 8UU ; Rare ; Glen Angus ;  Mirrodin
32 ; Disarm ; Instant ; U ; Common ; Alex Horley-Orlandelli ;  Mirrodin
33 ; Domineer ; Enchant Artifact Creature ; 1UU ; Uncommon ; Jon Foster ;  Mirrodin
34 ; Dream's Grip ; Instant ; U ; Common ; Jim Nelson ;  Mirrodin
35 ; Fabricate ; Sorcery ; 2U ; Uncommon ; Glen Angus ;  Mirrodin
36 ; Fatespinner ; Creature - Human Wizard 1/2 ; 1UU ; Rare ; rk post ;  Mirrodin
37 ; Inertia Bubble ; Enchant Artifact ; 1U ; Common ; Hugh Jamieson ;  Mirrodin
38 ; Looming Hoverguard ; Creature - Drone 3/3 ; 4UU ; Uncommon ; Scott M. Fischer ;  Mirrodin
39 ; Lumengrid Augur ; Creature - Vedalken Wizard 2/2 ; 3U ; Rare ; rk post ;  Mirrodin
40 ; Lumengrid Sentinel ; Creature - Human Wizard 1/2 ; 2U ; Uncommon ; Scott M. Fischer ;  Mirrodin
41 ; Lumengrid Warden ; Creature - Human Wizard 1/3 ; 1U ; Common ; Matt Thompson ;  Mirrodin
42 ; March of the Machines ; Enchantment ; 3U ; Rare ; Ben Thompson ;  Mirrodin
43 ; Neurok Familiar ; Creature - Bird 1/1 ; 1U ; Common ; Edward P. Beard, Jr. ;  Mirrodin
44 ; Neurok Spy ; Creature - Human Rogue 2/2 ; 2U ; Common ; Daren Bader ;  Mirrodin
45 ; Override ; Instant ; 2U ; Common ; Hugh Jamieson ;  Mirrodin
46 ; Psychic Membrane ; Creature - Wall 0/3 ; 2U ; Uncommon ; Tony Szczudlo ;  Mirrodin
47 ; Quicksilver Elemental ; Creature - Elemental 3/4 ; 3UU ; Rare ; Tony Szczudlo ;  Mirrodin
48 ; Regress ; Instant ; 2U ; Common ; Randy Gallegos ;  Mirrodin
49 ; Shared Fate ; Enchantment ; 4U ; Rare ; Matt Cavotta ;  Mirrodin
50 ; Slith Strider ; Creature - Slith 1/1 ; 1UU ; Uncommon ; Justin Sweet ;  Mirrodin
51 ; Somber Hoverguard ; Creature - Drone 3/2 ; 5U ; Common ; Adam Rex ;  Mirrodin
52 ; Temporal Cascade ; Sorcery ; 5UU ; Rare ; Puddnhead ;  Mirrodin
53 ; Thirst for Knowledge ; Instant ; 2U ; Uncommon ; Ben Thompson ;  Mirrodin
54 ; Thoughtcast ; Sorcery ; 4U ; Common ; Greg Hildebrandt ;  Mirrodin
55 ; Vedalken Archmage ; Creature - Vedalken Wizard 0/2 ; 2UU ; Rare ; Kev Walker ;  Mirrodin
56 ; Wanderguard Sentry ; Creature - Drone 3/3 ; 4U ; Common ; Luca Zontini ;  Mirrodin
57 ; Barter in Blood ; Sorcery ; 2BB ; Uncommon ; Paolo Parente ;  Mirrodin
58 ; Betrayal of Flesh ; Instant ; 5B ; Uncommon ; Wayne England ;  Mirrodin
59 ; Chimney Imp ; Creature - Imp 1/2 ; 4B ; Common ; Christopher Moeller ;  Mirrodin
60 ; Consume Spirit ; Sorcery ; X1B ; Common ; Matt Thompson ;  Mirrodin
61 ; Contaminated Bond ; Enchant Creature ; 1B ; Common ; Thomas M. Baxa ;  Mirrodin
62 ; Disciple of the Vault ; Creature - Human Cleric 1/1 ; B ; Common ; Matt Thompson ;  Mirrodin
63 ; Dross Harvester ; Creature - Horror 4/4 ; 1BB ; Rare ; Michael Sutfin ;  Mirrodin
64 ; Dross Prowler ; Creature - Zombie 2/1 ; 2B ; Common ; Michael Sutfin ;  Mirrodin
65 ; Flayed Nim ; Creature - Skeleton 2/2 ; 3B ; Uncommon ; Trevor Hairsine ;  Mirrodin
66 ; Grim Reminder ; Instant ; 2B ; Rare ; Wayne England ;  Mirrodin
67 ; Irradiate ; Instant ; 3B ; Common ; Dave Dorman ;  Mirrodin
68 ; Moriok Scavenger ; Creature - Human Rogue 2/3 ; 3B ; Common ; Puddnhead ;  Mirrodin
69 ; Necrogen Mists ; Enchantment ; 2B ; Rare ; Alex Horley-Orlandelli ;  Mirrodin
70 ; Nim Devourer ; Creature - Zombie 4/1 ; 3BB ; Rare ; Adam Rex ;  Mirrodin
71 ; Nim Lasher ; Creature - Zombie 1/1 ; 2B ; Common ; Adam Rex ;  Mirrodin
72 ; Nim Shambler ; Creature - Zombie 2/1 ; 2BB ; Uncommon ; Adam Rex ;  Mirrodin
73 ; Nim Shrieker ; Creature - Zombie 0/1 ; 3B ; Common ; Adam Rex ;  Mirrodin
74 ; Promise of Power ; Sorcery ; 2BBB ; Rare ; Kev Walker ;  Mirrodin
75 ; Reiver Demon ; Creature - Demon 6/6 ; 4BBBB ; Rare ; Brom ;  Mirrodin
76 ; Relic Bane ; Enchant Artifact ; 1BB ; Uncommon ; Eric Peterson ;  Mirrodin
77 ; Slith Bloodletter ; Creature - Slith 1/1 ; BB ; Uncommon ; Justin Sweet ;  Mirrodin
78 ; Spoils of the Vault ; Instant ; B ; Rare ; Thomas M. Baxa ;  Mirrodin
79 ; Terror ; Instant ; 1B ; Common ; Puddnhead ;  Mirrodin
80 ; Vermiculos ; Creature - Horror 1/1 ; 4B ; Rare ; Daren Bader ;  Mirrodin
81 ; Wail of the Nim ; Instant ; 2B ; Common ; John Matson ;  Mirrodin
82 ; Wall of Blood ; Creature - Wall 0/2 ; 2B ; Uncommon ; Tony Szczudlo ;  Mirrodin
83 ; Woebearer ; Creature - Zombie 2/3 ; 4B ; Uncommon ; Matt Thompson ;  Mirrodin
84 ; Wrench Mind ; Sorcery ; BB ; Common ; Pete Venters ;  Mirrodin
85 ; Arc-Slogger ; Creature - Beast 4/5 ; 3RR ; Rare ; Jeff Easley ;  Mirrodin
86 ; Atog ; Creature - Atog 1/2 ; 1R ; Uncommon ; Puddnhead ;  Mirrodin
87 ; Confusion in the Ranks ; Enchantment ; 3RR ; Rare ; Ron Spencer ;  Mirrodin
88 ; Detonate ; Sorcery ; XR ; Uncommon ; Dave Dorman ;  Mirrodin
89 ; Electrostatic Bolt ; Instant ; R ; Common ; Randy Gallegos ;  Mirrodin
90 ; Fiery Gambit ; Sorcery ; 2R ; Rare ; Scott M. Fischer ;  Mirrodin
91 ; Fists of the Anvil ; Instant ; 1R ; Common ; Pete Venters ;  Mirrodin
92 ; Forge Armor ; Instant ; 4R ; Uncommon ; Tony Szczudlo ;  Mirrodin
93 ; Fractured Loyalty ; Enchant Creature ; 1R ; Uncommon ; Greg Staples ;  Mirrodin
94 ; Goblin Striker ; Creature - Goblin Berserker 1/1 ; 1R ; Common ; Kevin Dobler ;  Mirrodin
95 ; Grab the Reins ; Instant ; 3R ; Uncommon ; Michael Sutfin ;  Mirrodin
96 ; Incite War ; Instant ; 2R ; Common ; Alex Horley-Orlandelli ;  Mirrodin
97 ; Krark-Clan Grunt ; Creature - Goblin Warrior 2/2 ; 2R ; Common ; Thomas M. Baxa ;  Mirrodin
98 ; Krark-Clan Shaman ; Creature - Goblin Shaman 1/1 ; R ; Common ; Thomas M. Baxa ;  Mirrodin
99 ; Mass Hysteria ; Enchantment ; R ; Rare ; Adam Rex ;  Mirrodin
100 ; Megatog ; Creature - Atog 3/4 ; 4RR ; Rare ; Pete Venters ;  Mirrodin
101 ; Molten Rain ; Sorcery ; 1RR ; Common ; Hugh Jamieson ;  Mirrodin
102 ; Ogre Leadfoot ; Creature - Ogre 3/3 ; 4R ; Common ; Heather Hudson ;  Mirrodin
103 ; Rustmouth Ogre ; Creature - Ogre 5/4 ; 4RR ; Uncommon ; Brian Snoddy ;  Mirrodin
104 ; Seething Song ; Instant ; 2R ; Common ; Martina Pilcerova ;  Mirrodin
105 ; Shatter ; Instant ; 1R ; Common ; Tim Hildebrandt ;  Mirrodin
106 ; Shrapnel Blast ; Instant ; 1R ; Uncommon ; Dave Dorman ;  Mirrodin
107 ; Slith Firewalker ; Creature - Slith 1/1 ; RR ; Uncommon ; Justin Sweet ;  Mirrodin
108 ; Spikeshot Goblin ; Creature - Goblin Shaman 1/2 ; 2R ; Common ; Alan Pollack ;  Mirrodin
109 ; Trash for Treasure ; Sorcery ; 2R ; Rare ; Lars Grant-West ;  Mirrodin
110 ; Vulshok Battlemaster ; Creature - Human Warrior 2/2 ; 4R ; Rare ; Kev Walker ;  Mirrodin
111 ; Vulshok Berserker ; Creature - Human Berserker 3/2 ; 3R ; Common ; Pete Venters ;  Mirrodin
112 ; War Elemental ; Creature - Elemental 1/1 ; RRR ; Rare ; Anthony S. Waters ;  Mirrodin
113 ; Battlegrowth ; Instant ; G ; Common ; John Matson ;  Mirrodin
114 ; Bloodscent ; Instant ; 3G ; Uncommon ; Matt Cavotta ;  Mirrodin
115 ; Brown Ouphe ; Creature - Ouphe 1/1 ; G ; Uncommon ; Greg Hildebrandt ;  Mirrodin
116 ; Copperhoof Vorrac ; Creature - Beast 2/2 ; 3GG ; Rare ; Matt Cavotta ;  Mirrodin
117 ; Creeping Mold ; Sorcery ; 2GG ; Uncommon ; Dany Orizio ;  Mirrodin
118 ; Deconstruct ; Sorcery ; 2G ; Common ; D. Alexander Gregory ;  Mirrodin
119 ; Fangren Hunter ; Creature - Beast 4/4 ; 3GG ; Common ; Darrell Riche ;  Mirrodin
120 ; Glissa Sunseeker ; Creature - Elf Legend 3/2 ; 2GG ; Rare ; Brom ;  Mirrodin
121 ; Groffskithur ; Creature - Beast 3/3 ; 5G ; Common ; John Matson ;  Mirrodin
122 ; Hum of the Radix ; Enchantment ; 2GG ; Rare ; John Avon ;  Mirrodin
123 ; Journey of Discovery ; Sorcery ; 2G ; Common ; John Matson ;  Mirrodin
124 ; Living Hive ; Creature - Elemental 6/6 ; 6GG ; Rare ; Anthony S. Waters ;  Mirrodin
125 ; Molder Slug ; Creature - Beast 4/6 ; 3GG ; Rare ; Heather Hudson ;  Mirrodin
126 ; One Dozen Eyes ; Sorcery ; 5G ; Uncommon ; Darrell Riche ;  Mirrodin
127 ; Plated Slagwurm ; Creature - Wurm 8/8 ; 4GGG ; Rare ; Justin Sweet ;  Mirrodin
128 ; Predator's Strike ; Instant ; 1G ; Common ; Tony Szczudlo ;  Mirrodin
129 ; Slith Predator ; Creature - Slith 1/1 ; GG ; Uncommon ; Justin Sweet ;  Mirrodin
130 ; Sylvan Scrying ; Sorcery ; 1G ; Uncommon ; Scott M. Fischer ;  Mirrodin
131 ; Tel-Jilad Archers ; Creature - Elf Archer 2/4 ; 4G ; Common ; Marcelo Vignali ;  Mirrodin
132 ; Tel-Jilad Chosen ; Creature - Elf Warrior 2/1 ; 1G ; Common ; Matthew D. Wilson ;  Mirrodin
133 ; Tel-Jilad Exile ; Creature - Troll Warrior 2/3 ; 3G ; Common ; Justin Sweet ;  Mirrodin
134 ; Tooth and Nail ; Sorcery ; 5GG ; Rare ; Greg Hildebrandt ;  Mirrodin
135 ; Troll Ascetic ; Creature - Troll Shaman 3/2 ; 1GG ; Rare ; Puddnhead ;  Mirrodin
136 ; Trolls of Tel-Jilad ; Creature - Troll Shaman 5/6 ; 5GG ; Uncommon ; Marcelo Vignali ;  Mirrodin
137 ; Turn to Dust ; Instant ; G ; Common ; Wayne England ;  Mirrodin
138 ; Viridian Joiner ; Creature - Elf Druid 1/2 ; 2G ; Common ; Daren Bader ;  Mirrodin
139 ; Viridian Shaman ; Creature - Elf Shaman 2/2 ; 2G ; Uncommon ; Scott M. Fischer ;  Mirrodin
140 ; Wurmskin Forger ; Creature - Elf Warrior 2/2 ; 5GG ; Common ; Justin Sweet ;  Mirrodin
141 ; Ather Spellbomb ; Artifact ; 1 ; Common ; Jim Nelson ;  Mirrodin
142 ; Alpha Myr ; Artifact Creature - Myr 2/1 ; 2 ; Common ; Dany Orizio ;  Mirrodin
143 ; Altar of Shadows ; Artifact ; 7 ; Rare ; Sam Wood ;  Mirrodin
144 ; Banshee's Blade ; Artifact - Equipment ; 2 ; Uncommon ; Bradley Williams ;  Mirrodin
145 ; Blinkmoth Urn ; Artifact ; 5 ; Rare ; David Martin ;  Mirrodin
146 ; Bonesplitter ; Artifact - Equipment ; 1 ; Common ; Darrell Riche ;  Mirrodin
147 ; Bosh, Iron Golem ; Artifact Creature - Golem Legend 6/7 ; 8 ; Rare ; Brom ;  Mirrodin
148 ; Bottle Gnomes ; Artifact Creature - Gnome 1/3 ; 3 ; Uncommon ; Ben Thompson ;  Mirrodin
149 ; Cathodion ; Artifact Creature 3/3 ; 3 ; Uncommon ; Eric Peterson ;  Mirrodin
150 ; Chalice of the Void ; Artifact ; XX ; Rare ; Mark Zug ;  Mirrodin
151 ; Chromatic Sphere ; Artifact ; 1 ; Common ; Brian Snoddy ;  Mirrodin
152 ; Chrome Mox ; Artifact ; 0 ; Rare ; Donato Giancola ;  Mirrodin
153 ; Clockwork Beetle ; Artifact Creature - Insect 0/0 ; 1 ; Common ; Arnie Swekel ;  Mirrodin
154 ; Clockwork Condor ; Artifact Creature - Bird 0/0 ; 4 ; Common ; Arnie Swekel ;  Mirrodin
155 ; Clockwork Dragon ; Artifact Creature - Dragon 0/0 ; 7 ; Rare ; Arnie Swekel ;  Mirrodin
156 ; Clockwork Vorrac ; Artifact Creature - Beast 0/0 ; 5 ; Uncommon ; Arnie Swekel ;  Mirrodin
157 ; Cobalt Golem ; Artifact Creature - Golem 2/3 ; 4 ; Common ; Paolo Parente ;  Mirrodin
158 ; Copper Myr ; Artifact Creature - Myr 1/1 ; 2 ; Common ; Kev Walker ;  Mirrodin
159 ; Crystal Shard ; Artifact ; 3 ; Uncommon ; Doug Chaffee ;  Mirrodin
160 ; Culling Scales ; Artifact ; 3 ; Rare ; Daren Bader ;  Mirrodin
161 ; Damping Matrix ; Artifact ; 3 ; Rare ; Mike Dringenberg ;  Mirrodin
162 ; Dead-Iron Sledge ; Artifact - Equipment ; 1 ; Uncommon ; Ray Lago ;  Mirrodin
163 ; Dragon Blood ; Artifact ; 3 ; Uncommon ; Ron Spencer ;  Mirrodin
164 ; Dross Scorpion ; Artifact Creature 3/1 ; 4 ; Common ; Jim Nelson ;  Mirrodin
165 ; Duplicant ; Artifact Creature - Shapeshifter 2/4 ; 6 ; Rare ; Thomas M. Baxa ;  Mirrodin
166 ; Duskworker ; Artifact Creature 2/2 ; 4 ; Uncommon ; Greg Staples ;  Mirrodin
167 ; Elf Replica ; Artifact Creature - Elf 2/2 ; 3 ; Common ; Carl Critchlow ;  Mirrodin
168 ; Empyrial Plate ; Artifact - Equipment ; 2 ; Rare ; Paolo Parente ;  Mirrodin
169 ; Extraplanar Lens ; Artifact ; 3 ; Rare ; Lars Grant-West ;  Mirrodin
170 ; Farsight Mask ; Artifact ; 5 ; Uncommon ; Ben Thompson ;  Mirrodin
171 ; Fireshrieker ; Artifact - Equipment ; 3 ; Uncommon ; Christopher Moeller ;  Mirrodin
172 ; Frogmite ; Artifact Creature 2/2 ; 4 ; Common ; Terese Nielsen ;  Mirrodin
173 ; Galvanic Key ; Artifact ; 2 ; Common ; Tony Szczudlo ;  Mirrodin
174 ; Gate to the Ather ; Artifact ; 6 ; Rare ; Pete Venters ;  Mirrodin
175 ; Gilded Lotus ; Artifact ; 5 ; Rare ; Martina Pilcerova ;  Mirrodin
176 ; Goblin Charbelcher ; Artifact ; 4 ; Rare ; Stephen Tappin ;  Mirrodin
177 ; Goblin Dirigible ; Artifact Creature 4/4 ; 6 ; Uncommon ; Michael Sutfin ;  Mirrodin
178 ; Goblin Replica ; Artifact Creature - Goblin 2/2 ; 3 ; Common ; Carl Critchlow ;  Mirrodin
179 ; Goblin War Wagon ; Artifact Creature 3/3 ; 4 ; Common ; Doug Chaffee ;  Mirrodin
180 ; Gold Myr ; Artifact Creature - Myr 1/1 ; 2 ; Common ; Kev Walker ;  Mirrodin
181 ; Golem-Skin Gauntlets ; Artifact - Equipment ; 1 ; Uncommon ; Alan Pollack ;  Mirrodin
182 ; Granite Shard ; Artifact ; 3 ; Uncommon ; Doug Chaffee ;  Mirrodin
183 ; Grid Monitor ; Artifact Creature 4/6 ; 4 ; Rare ; Arnie Swekel ;  Mirrodin
184 ; Heartwood Shard ; Artifact ; 3 ; Uncommon ; Doug Chaffee ;  Mirrodin
185 ; Hematite Golem ; Artifact Creature - Golem 1/4 ; 4 ; Common ; Paolo Parente ;  Mirrodin
186 ; Icy Manipulator ; Artifact ; 4 ; Uncommon ; Mark Zug ;  Mirrodin
187 ; Iron Myr ; Artifact Creature - Myr 1/1 ; 2 ; Common ; Kev Walker ;  Mirrodin
188 ; Isochron Scepter ; Artifact ; 2 ; Uncommon ; Mark Harrison ;  Mirrodin
189 ; Jinxed Choker ; Artifact ; 3 ; Rare ; Mike Dringenberg ;  Mirrodin
190 ; Krark's Thumb ; Legendary Artifact ; 2 ; Rare ; Ron Spencer ;  Mirrodin
191 ; Leaden Myr ; Artifact Creature - Myr 1/1 ; 2 ; Common ; Kev Walker ;  Mirrodin
192 ; Leonin Bladetrap ; Artifact ; 3 ; Uncommon ; Randy Gallegos ;  Mirrodin
193 ; Leonin Scimitar ; Artifact - Equipment ; 1 ; Common ; Doug Chaffee ;  Mirrodin
194 ; Leonin Sun Standard ; Artifact ; 2 ; Rare ; Jim Nelson ;  Mirrodin
195 ; Leveler ; Artifact Creature 10/10 ; 5 ; Rare ; Carl Critchlow ;  Mirrodin
196 ; Liar's Pendulum ; Artifact ; 1 ; Rare ; Christopher Moeller ;  Mirrodin
197 ; Lifespark Spellbomb ; Artifact ; 1 ; Common ; Jim Nelson ;  Mirrodin
198 ; Lightning Coils ; Artifact ; 3 ; Rare ; Brian Snoddy ;  Mirrodin
199 ; Lightning Greaves ; Artifact - Equipment ; 2 ; Uncommon ; Jeremy Jarvis ;  Mirrodin
200 ; Lodestone Myr ; Artifact Creature - Myr 2/2 ; 4 ; Rare ; Greg Staples ;  Mirrodin
201 ; Loxodon Warhammer ; Artifact - Equipment ; 3 ; Uncommon ; Jeremy Jarvis ;  Mirrodin
202 ; Malachite Golem ; Artifact Creature - Golem 5/3 ; 6 ; Common ; Paolo Parente ;  Mirrodin
203 ; Mask of Memory ; Artifact - Equipment ; 2 ; Uncommon ; Alan Pollack ;  Mirrodin
204 ; Mesmeric Orb ; Artifact ; 2 ; Rare ; David Martin ;  Mirrodin
205 ; Mind's Eye ; Artifact ; 5 ; Rare ; Edward P. Beard, Jr. ;  Mirrodin
206 ; Mindslaver ; Legendary Artifact ; 6 ; Rare ; Glen Angus ;  Mirrodin
207 ; Mindstorm Crown ; Artifact ; 3 ; Uncommon ; Ben Thompson ;  Mirrodin
208 ; Mirror Golem ; Artifact Creature - Golem 3/4 ; 6 ; Uncommon ; Franz Vohwinkel ;  Mirrodin
209 ; Mourner's Shield ; Artifact ; 4 ; Uncommon ; Carl Critchlow ;  Mirrodin
210 ; Myr Adapter ; Artifact Creature - Myr 1/1 ; 3 ; Common ; Ben Thompson ;  Mirrodin
211 ; Myr Enforcer ; Artifact Creature - Myr 4/4 ; 7 ; Common ; Greg Staples ;  Mirrodin
212 ; Myr Incubator ; Artifact ; 6 ; Rare ; Alex Horley-Orlandelli ;  Mirrodin
213 ; Myr Mindservant ; Artifact Creature - Myr 1/1 ; 1 ; Uncommon ; Dave Dorman ;  Mirrodin
214 ; Myr Prototype ; Artifact Creature - Myr 2/2 ; 5 ; Uncommon ; Dave Dorman ;  Mirrodin
215 ; Myr Retriever ; Artifact Creature - Myr 1/1 ; 2 ; Uncommon ; Trevor Hairsine ;  Mirrodin
216 ; Necrogen Spellbomb ; Artifact ; 1 ; Common ; Jim Nelson ;  Mirrodin
217 ; Needlebug ; Artifact Creature - Insect 2/2 ; 4 ; Uncommon ; Paolo Parente ;  Mirrodin
218 ; Neurok Hoversail ; Artifact - Equipment ; 1 ; Common ; Alan Pollack ;  Mirrodin
219 ; Nightmare Lash ; Artifact - Equipment ; 4 ; Rare ; Puddnhead ;  Mirrodin
220 ; Nim Replica ; Artifact Creature - Zombie 3/1 ; 3 ; Common ; Carl Critchlow ;  Mirrodin
221 ; Nuisance Engine ; Artifact ; 3 ; Uncommon ; Stephen Tappin ;  Mirrodin
222 ; Oblivion Stone ; Artifact ; 3 ; Rare ; Sam Wood ;  Mirrodin
223 ; Omega Myr ; Artifact Creature - Myr 1/2 ; 2 ; Common ; Dany Orizio ;  Mirrodin
224 ; Ornithopter ; Artifact Creature 0/2 ; 0 ; Uncommon ; Dana Knutson ;  Mirrodin
225 ; Pearl Shard ; Artifact ; 3 ; Uncommon ; Doug Chaffee ;  Mirrodin
226 ; Pentavus ; Artifact Creature 0/0 ; 7 ; Rare ; Greg Staples ;  Mirrodin
227 ; Pewter Golem ; Artifact Creature - Golem 4/2 ; 5 ; Common ; Paolo Parente ;  Mirrodin
228 ; Platinum Angel ; Artifact Creature - Angel 4/4 ; 7 ; Rare ; Brom ;  Mirrodin
229 ; Power Conduit ; Artifact ; 2 ; Uncommon ; Todd Lockwood ;  Mirrodin
230 ; Proteus Staff ; Artifact ; 3 ; Rare ; Trevor Hairsine ;  Mirrodin
231 ; Psychogenic Probe ; Artifact ; 2 ; Rare ; Jeremy Jarvis ;  Mirrodin
232 ; Pyrite Spellbomb ; Artifact ; 1 ; Common ; Jim Nelson ;  Mirrodin
233 ; Quicksilver Fountain ; Artifact ; 3 ; Rare ; Trevor Hairsine ;  Mirrodin
234 ; Rust Elemental ; Artifact Creature - Elemental 4/4 ; 4 ; Uncommon ; Arnie Swekel ;  Mirrodin
235 ; Rustspore Ram ; Artifact Creature 1/3 ; 4 ; Uncommon ; Arnie Swekel ;  Mirrodin
236 ; Scale of Chiss-Goria ; Artifact ; 3 ; Common ; Alan Pollack ;  Mirrodin
237 ; Scrabbling Claws ; Artifact ; 1 ; Uncommon ; Thomas M. Baxa ;  Mirrodin
238 ; Sculpting Steel ; Artifact ; 3 ; Rare ; Heather Hudson ;  Mirrodin
239 ; Scythe of the Wretched ; Artifact - Equipment ; 2 ; Rare ; Matt Cavotta ;  Mirrodin
240 ; Serum Tank ; Artifact ; 3 ; Uncommon ; Corey D. Macourek ;  Mirrodin
241 ; Silver Myr ; Artifact Creature - Myr 1/1 ; 2 ; Common ; Kev Walker ;  Mirrodin
242 ; Skeleton Shard ; Artifact ; 3 ; Uncommon ; Doug Chaffee ;  Mirrodin
243 ; Slagwurm Armor ; Artifact - Equipment ; 1 ; Common ; Justin Sweet ;  Mirrodin
244 ; Soldier Replica ; Artifact Creature - Soldier 1/3 ; 3 ; Common ; Carl Critchlow ;  Mirrodin
245 ; Solemn Simulacrum ; Artifact Creature 2/2 ; 4 ; Rare ; Greg Staples ;  Mirrodin
246 ; Soul Foundry ; Artifact ; 4 ; Rare ; Arnie Swekel ;  Mirrodin
247 ; Spellweaver Helix ; Artifact ; 3 ; Rare ; Luca Zontini ;  Mirrodin
248 ; Steel Wall ; Artifact Creature - Wall 0/4 ; 1 ; Common ; David Day ;  Mirrodin
249 ; Sun Droplet ; Artifact ; 2 ; Uncommon ; Tim Hildebrandt ;  Mirrodin
250 ; Sunbeam Spellbomb ; Artifact ; 1 ; Common ; Jim Nelson ;  Mirrodin
251 ; Sword of Kaldra ; Legendary Artifact - Equipment ; 4 ; Rare ; Donato Giancola ;  Mirrodin
252 ; Synod Sanctum ; Artifact ; 1 ; Uncommon ; Dana Knutson ;  Mirrodin
253 ; Talisman of Dominance ; Artifact ; 2 ; Uncommon ; Mike Dringenberg ;  Mirrodin
254 ; Talisman of Impulse ; Artifact ; 2 ; Uncommon ; Mike Dringenberg ;  Mirrodin
255 ; Talisman of Indulgence ; Artifact ; 2 ; Uncommon ; Mike Dringenberg ;  Mirrodin
256 ; Talisman of Progress ; Artifact ; 2 ; Uncommon ; Mike Dringenberg ;  Mirrodin
257 ; Talisman of Unity ; Artifact ; 2 ; Uncommon ; Mike Dringenberg ;  Mirrodin
258 ; Tanglebloom ; Artifact ; 1 ; Common ; Val Mayerik ;  Mirrodin
259 ; Tangleroot ; Artifact ; 3 ; Rare ; Dana Knutson ;  Mirrodin
260 ; Tel-Jilad Stylus ; Artifact ; 1 ; Uncommon ; Darrell Riche ;  Mirrodin
261 ; Thought Prison ; Artifact ; 5 ; Uncommon ; Glen Angus ;  Mirrodin
262 ; Timesifter ; Artifact ; 5 ; Rare ; Dany Orizio ;  Mirrodin
263 ; Titanium Golem ; Artifact Creature - Golem 3/3 ; 5 ; Common ; Paolo Parente ;  Mirrodin
264 ; Tooth of Chiss-Goria ; Artifact ; 3 ; Common ; Alan Pollack ;  Mirrodin
265 ; Tower of Champions ; Artifact ; 4 ; Rare ; Greg Staples ;  Mirrodin
266 ; Tower of Eons ; Artifact ; 4 ; Rare ; John Avon ;  Mirrodin
267 ; Tower of Fortunes ; Artifact ; 4 ; Rare ; Matt Cavotta ;  Mirrodin
268 ; Tower of Murmurs ; Artifact ; 4 ; Rare ; Glen Angus ;  Mirrodin
269 ; Triskelion ; Artifact Creature 1/1 ; 6 ; Rare ; Christopher Moeller ;  Mirrodin
270 ; Viridian Longbow ; Artifact - Equipment ; 1 ; Common ; Jeremy Jarvis ;  Mirrodin
271 ; Vorrac Battlehorns ; Artifact - Equipment ; 2 ; Common ; David Martin ;  Mirrodin
272 ; Vulshok Battlegear ; Artifact - Equipment ; 3 ; Uncommon ; Kevin Dobler ;  Mirrodin
273 ; Vulshok Gauntlets ; Artifact - Equipment ; 2 ; Common ; Richard Sardinha ;  Mirrodin
274 ; Welding Jar ; Artifact ; 0 ; Common ; Mark Brill ;  Mirrodin
275 ; Wizard Replica ; Artifact Creature - Wizard 1/3 ; 3 ; Common ; Carl Critchlow ;  Mirrodin
276 ; Worldslayer ; Artifact - Equipment ; 5 ; Rare ; Greg Staples ;  Mirrodin
277 ; Yotian Soldier ; Artifact Creature - Soldier 1/4 ; 3 ; Common ; Luca Zontini ;  Mirrodin
278 ; Ancient Den ; Artifact Land ; ; Common ; Rob Alexander ;  Mirrodin
279 ; Blinkmoth Well ; Land ; ; Uncommon ; David Martin ;  Mirrodin
280 ; Cloudpost ; Land - Locus ; ; Common ; Martina Pilcerova ;  Mirrodin
281 ; Glimmervoid ; Land ; ; Rare ; Lars Grant-West ;  Mirrodin
282 ; Great Furnace ; Artifact Land ; ; Common ; Rob Alexander ;  Mirrodin
283 ; Seat of the Synod ; Artifact Land ; ; Common ; John Avon ;  Mirrodin
284 ; Stalking Stones ; Land ; ; Uncommon ; David Day ;  Mirrodin
285 ; Tree of Tales ; Artifact Land ; ; Common ; John Avon ;  Mirrodin
286 ; Vault of Whispers ; Artifact Land ; ; Common ; Rob Alexander ;  Mirrodin
287 ; Plains ; Basic Land - Plains ; ; Land ; Mark Tedin ;  Mirrodin
288 ; Plains ; Basic Land - Plains ; ; Land ; Rob Alexander ;  Mirrodin
289 ; Plains ; Basic Land - Plains ; ; Land ; Martina Pilcerova ;  Mirrodin
290 ; Plains ; Basic Land - Plains ; ; Land ; John Avon ;  Mirrodin
291 ; Island ; Basic Land - Island ; ; Land ; Mark Tedin ;  Mirrodin
292 ; Island ; Basic Land - Island ; ; Land ; Rob Alexander ;  Mirrodin
293 ; Island ; Basic Land - Island ; ; Land ; Martina Pilcerova ;  Mirrodin
294 ; Island ; Basic Land - Island ; ; Land ; John Avon ;  Mirrodin
295 ; Swamp ; Basic Land - Swamp ; ; Land ; Mark Tedin ;  Mirrodin
296 ; Swamp ; Basic Land - Swamp ; ; Land ; Rob Alexander ;  Mirrodin
297 ; Swamp ; Basic Land - Swamp ; ; Land ; Martina Pilcerova ;  Mirrodin
298 ; Swamp ; Basic Land - Swamp ; ; Land ; John Avon ;  Mirrodin
299 ; Mountain ; Basic Land - Mountain ; ; Land ; Mark Tedin ;  Mirrodin
300 ; Mountain ; Basic Land - Mountain ; ; Land ; Rob Alexander ;  Mirrodin
301 ; Mountain ; Basic Land - Mountain ; ; Land ; Martina Pilcerova ;  Mirrodin
302 ; Mountain ; Basic Land - Mountain ; ; Land ; John Avon ;  Mirrodin
303 ; Forest ; Basic Land - Forest ; ; Land ; Mark Tedin ;  Mirrodin
304 ; Forest ; Basic Land - Forest ; ; Land ; Rob Alexander ;  Mirrodin
305 ; Forest ; Basic Land - Forest ; ; Land ; Martina Pilcerova ;  Mirrodin
306 ; Forest ; Basic Land - Forest ; ; Land ; John Avon ;  Mirrodin